Client ID,Name,Legal Name,Start Date,Street #,Street Name,State,Zip,Lat,Lon,Accuracy,Category
2.01211E+11,Avalon Fuel,Avalon Fuel Company,10/26/12,901,Ohio River Blvd,PA,15202,40.495759,-80.066508,9,Convenience Store
2.01511E+11,Ez Energy #303/7Eleven #36183H,Neelkanth Ansh Enterprises Inc,10/26/15,209,Ohio River Blvd,PA,15143,40.545418,-80.194152,9,Convenience Store
2.01212E+11,EZ Energy #311 / 7 Eleven #36191H,7 Eleven Inc,12/3/12,8136,Ohio River Blvd,PA,15202,40.510522,-80.094268,9,Convenience Store
2.01211E+11,Getgo #3646 / Crafton - Ingram,Giant Eagle Inc,11/15/12,280,Crafton Ingram Shopping circle,PA,15205,41.203322,-77.194525,3,Convenience Store
53583,Mt NeBlvd Texaco,Mt NeBlvd Texaco,6/2/95,1706,Mt Nebo Rd,PA,15143,40.553281,-80.109158,8,Convenience Store
2.01304E+11,Radokovic Marathon,Radokovic Enterprises LlC,4/16/13,1826,Lincoln Highway,PA,15137,40.367923,-79.780429,9,Convenience Store
2.00002E+11,Sunoco #7544,Sunoco Inc R&M,2/2/00,1201,Airport Blvdulevard,PA,15231,40.494177,-80.267208,9,Convenience Store
52845,Sunoco A Plus Mini Market #8154,,10/25/94,5204,Interbo Ave,PA,15207,40.370214,-79.913195,9,Convenience Store
2.0131E+11,Plow & Hearth,Plow & Hearth LLC,9/25/13,1710,Settlers Ridge Center Dr,PA,15205,40.440641,-80.149132,5,Convenience Store
43192,S & R Market,Mac's Convenience Stores LLC,1/11/88,4915,2nd Ave,PA,15207,40.529076,-80.025577,5,Convenience Store
2.01301E+11,EZ Energy #307 / 7 Eleven #36187H,7 Eleven Inc,12/11/12,4630,Wm Flynn Highway,PA,15101,40.590622,-79.948086,8,Convenience Store
2.01203E+11,Mega Deli,Jay Shakti LLC,3/8/12,995,Greensburg Pike,PA,15112,40.416874,-79.839453,8,Convenience Store
2.01211E+11,Sheetz #500,Sheetz Inc,11/7/12,1910,Mt Nebo Rd,PA,15143,40.552928,-80.115508,8,Convenience Store
2.0121E+11,7 Eleven #35968H,7-Eleven Inc,9/18/12,525,Perry Highway,PA,15229,40.396638,-77.026583,8,Convenience Store
2.00912E+11,7 Eleven #36143A,,11/17/09,601,Penn Av,PA,15222,40.442813,-80.001884,8,Convenience Store
2.00607E+11,A & E Deli Food Mart,,7/14/06,105,Brownsville Rd,PA,15210,40.41739,-79.986525,8,Convenience Store
35752,Al's Market,,6/17/84,24,Braddock Ave,PA,15104,40.407271,-79.875462,8,Convenience Store
31340,Alstan Mini Mart,Khalid Ajmal & Saba Raees,1/1/83,2516,Monroeville Blvd,PA,15146,40.426703,-79.788569,8,Convenience Store
2.0001E+11,American Joe's,,10/18/00,2105,Walnut St,PA,15132,40.340154,-79.859937,8,Convenience Store
2.01209E+11,American Natural,Desdemona Holdings LP,8/23/12,73,Carson St,PA,15219,40.430917,-80.001402,8,Convenience Store
2.01103E+11,Avalon Mart,,3/15/11,632,California Av,PA,15202,40.501336,-80.067941,8,Convenience Store
2.0031E+11,AW Food Express / Sunoco,AW Food Express Inc,10/9/03,1001,Pikettsburgh St,PA,15024,40.540809,-79.807543,8,Convenience Store
2.00809E+11,Bett's Market,,9/8/08,819,Brushton Ave,PA,15208,40.455264,-79.888216,8,Convenience Store
2.01404E+11,Cash & Carry,Cash & Carry Gas Inc,4/9/14,1021,Perry Hwy,PA,15237,40.540405,-80.036133,8,Convenience Store
2.01302E+11,Cash & Carry Convenience Store,5 Rivers Inc,2/14/13,7920,Saltsburg Rd,PA,15239,40.477508,-79.75943,8,Convenience Store
2.01307E+11,Clairton Mini Mart,Asn United Inc,6/28/13,672,Miller Av,PA,15025,40.290634,-79.883992,8,Convenience Store
2.01602E+11,Clairton Mini-Mart,,1/25/16,540,St Clair Ave,PA,15025,40.293214,-79.88689,8,Convenience Store
2.01209E+11,Co Go's #1780,Shree Sitaram Enterprise Inc,9/5/12,3402,Main St,PA,15120,40.386385,-79.902763,8,Convenience Store
2316,Co Go's #346,Co Go's,1/1/80,3439,West Run Rd,PA,15120,40.38845,-79.90976,8,Convenience Store
37867,Co Go's #805,Co Go's,5/17/84,4071,Beechwood Blvd,PA,15217,40.427102,-79.938593,8,Convenience Store
55302,Co Go's #820,Co Go's,7/2/96,2880,Brownsville Rd Ext,PA,15129,40.279791,-80.001782,8,Convenience Store
2.01303E+11,CR Petroleum,CR Petroleum LLC,3/5/13,101,Mile Lock La,PA,15014,47.15441,-2.172958,8,Convenience Store
1008,De Carlo Fruit Market,,1/1/80,560,Mckeesport Rd,PA,15037,40.276563,-79.878044,8,Convenience Store
56405,Edgewood Avenue Express,,5/1/97,253,Edgewood Ave,PA,15218,40.430663,-79.884352,8,Convenience Store
2.00904E+11,Edna's Market & Deli @ Northview Heights,New Bread Development Inc,4/1/09,529,Mt Pleasant Rd,PA,15214,40.478135,-80.000449,8,Convenience Store
2.01403E+11,Everest Food,,3/15/14,308,Curry Hollow Rd,PA,15236,40.336174,-79.972625,8,Convenience Store
2.01509E+11,Express Mini Mart,Express Mini Mart Inc,9/23/15,3518,Brownsville Rd,PA,15227,40.374467,-79.975539,8,Convenience Store
2.00809E+11,Fa's Market,,9/4/08,623,Jones Ave,PA,15104,40.404138,-79.861887,8,Convenience Store
2.01002E+11,Fuel On # 25,3 Man Inc,2/10/10,5724,Ellsworth Av,PA,15232,40.455308,-79.931608,8,Convenience Store
2.0121E+11,Fueland,JP Petroleum Co,8/28/12,921,Brodhead Rd,PA,15108,40.518217,-80.222543,8,Convenience Store
2.01307E+11,Fueland #220,Delta A & W Inc,7/9/13,710,Brown Av,PA,15145,40.427276,-79.836019,8,Convenience Store
2.00407E+11,GetGo #3108,Giant Eagle Inc,7/9/04,10525,Frankstown Rd,PA,15235,40.457119,-79.877698,8,Convenience Store
45203,GetGo #3109,Giant Eagle Inc,2/16/84,436,Lincoln Hwy East,PA,15035,40.380961,-79.8115,8,Convenience Store
2.00706E+11,Glassmere Food Mart #252,Glassmere Fuel Service Inc,6/20/07,3001,Freeport Rd,PA,15144,40.595044,-79.76881,8,Convenience Store
2.01001E+11,Homestead Food Mart,Om Shiva Group Inc,1/1/10,238,8th Av,PA,15120,40.407623,-79.909613,8,Convenience Store
57337,Honey Bear / Spee-D Mart,Graft Oil Co / OCI Inc,5/6/98,209,3rd Street,PA,15034,40.349519,-79.891481,8,Convenience Store
2.01502E+11,International Food Emporium,,1/28/15,4110,Saw Mill Run Blvd,PA,15227,40.367213,-79.984027,8,Convenience Store
32580,Janoski's Farm Market,Janoski's Farms Inc,6/17/84,1714,U.S. Route 30,PA,15026,40.559221,-80.437686,8,Convenience Store
2.00504E+11,Jeets Sunoco,Jeets Enterprise Inc,4/7/05,5457,Perry Hwy,PA,15229,40.513271,-80.030768,8,Convenience Store
2.00701E+11,Jimit Sunoco,Jimit Enterprises Inc,1/24/07,2904,5th Ave,PA,15131,40.358373,-79.831701,8,Convenience Store
2.01501E+11,Jodha Exxon,Jodha LLC,12/25/14,2200,Babcock Blvd,PA,15237,40.510927,-79.993984,8,Convenience Store
2.00401E+11,Kolos International Food,,1/20/04,114,East St / Mall Plaza,PA,15106,40.406902,-80.087614,8,Convenience Store
2.0071E+11,Kwik E Mart,,10/22/07,212,10th St,PA,15222,40.444199,-79.995537,8,Convenience Store
2.00411E+11,Large Sunoco,Americorporation,11/9/04,1344,Clairton Blvd,PA,15025,40.307385,-79.935894,8,Convenience Store
2.0151E+11,Marathon McKeesport,Shiv Oil Inc,10/16/15,710,5th Av,PA,15132,40.351443,-79.857948,8,Convenience Store
2.01507E+11,Maruti Convience,Maruti Convenience LLC,6/26/15,1100,Fawcett Av,PA,15131,40.35267,-79.825732,8,Convenience Store
2.01506E+11,Mary's & Rick's,,6/3/15,200,3rd St,PA,15106,40.403354,-80.089813,8,Convenience Store
49804,Murray's Exxon,,4/22/93,1100,Penn Ave,PA,15221,40.44133,-79.877715,8,Convenience Store
2.01205E+11,NeighBlvdrhood Dollar,NeighBlvdrhood Dollar,5/10/12,336,5th Av,PA,15132,40.351125,-79.863412,8,Convenience Store
2.01305E+11,New Eagle Mart,,5/16/13,300,6th Av,PA,15222,40.441932,-80.001828,8,Convenience Store
2.00408E+11,Noble Mart,Mufti & Khan,8/24/04,2100,Noble St,PA,15218,40.420651,-79.885465,8,Convenience Store
2.01406E+11,Oak Hill Market,Oak Hill Convenience Inc,5/22/14,504,Oak Highwayll Dr,PA,15219,40.44356,-79.969922,8,Convenience Store
55034,One Stop Mini Mart,One Stop Mini Mart,5/10/96,2333,Beechwood Blvd,PA,15217,40.432851,-79.914965,8,Convenience Store
57729,Phil's Citgo,,10/1/98,5340,Perry Hwy,PA,15229,40.509195,-80.029331,8,Convenience Store
2.01409E+11,Pitt Stop Express,,9/12/14,1980,Painters Run Rd,PA,15241,40.363956,-80.086425,8,Convenience Store
33405,Pittsburgh Asian Market / Ou's International Co,,9/1/81,707,Penn Ave,PA,15221,40.443558,-79.884328,8,Convenience Store
2.01606E+11,Quicky Mart,,6/21/16,668,WasHighwayngton Rd,PA,15228,40.380538,-80.04456,8,Convenience Store
2.0081E+11,RN Market,,10/17/08,256,S Highwayghland,PA,15206,40.457254,-79.925206,8,Convenience Store
2.01201E+11,Rte #286 Exxon,Laxmi Narayana Corp,1/9/12,2405,Golden Mile Highway,PA,15239,40.471469,-79.986604,8,Convenience Store
2.01108E+11,Safi Market,Safi Market LLC,8/29/11,1518,Mifflin St,PA,15120,40.403187,-79.90342,8,Convenience Store
2.00911E+11,SAI Sunoco,Global Contact LLC,10/30/09,3039,Freeport Rd,PA,15065,40.642437,-79.710438,8,Convenience Store
2.01503E+11,Sam Blvdk Korean Grocery,,3/23/15,1737,Penn Av,PA,15222,40.450358,-79.985099,8,Convenience Store
2.01509E+11,Sheetz #582,Sheetz Inc,9/9/15,4723,Wm Penn Highway,PA,15146,40.434846,-79.73331,8,Convenience Store
2.01402E+11,Shell North Versailles,MABA USA LLC,1/24/14,505,Lincoln Highway,PA,15137,40.450809,-80.199382,8,Convenience Store
2.01105E+11,Sheraden Mini Mart,Lathia Investments LLC,5/13/11,649,HighwayllsBlvdro St,PA,15204,40.431433,-79.861903,8,Convenience Store
52818,Shop N Go,DTL Corp,10/14/94,2226,Route 837,PA,15088,40.428336,-79.973438,8,Convenience Store
2.01603E+11,Speedway #2917,Speedway LLC,3/10/16,4363,Broadway Blvd,PA,15146,40.397285,-79.768965,8,Convenience Store
2.01508E+11,Stop n Shop,Miyan Associates LLC,4/15/15,1043,Hamil Rd,PA,15147,40.502514,-79.810806,8,Convenience Store
2.00206E+11,Sunoco,Adi-Maha Inc,6/18/02,600,Lysle Blvd,PA,15132,40.351981,-79.859689,8,Convenience Store
54317,Sunoco #7139,Sunoco Inc R&M,9/8/95,1020,Mt Royal Blvd,PA,15223,40.516752,-79.959009,8,Convenience Store
47157,Sunoco #7362,Sunoco Inc R&M,6/26/91,19090,Perry Hwy,PA,16046,40.674019,-80.098542,8,Convenience Store
40621,Sunoco #7430,Sunoco Inc R&M,3/20/86,113,Noble Ave,PA,15205,40.434829,-80.06553,8,Convenience Store
2.00501E+11,Sunoco A Plus Mini Market,SG II - Negley Ave LLC,1/14/05,123,N Negley Ave,PA,15206,40.464292,-79.930226,8,Convenience Store
2.01307E+11,Sushi with Gusto,Sushi with Gusto Inc,7/3/13,1551,WasHighwayngton Rd,PA,15228,40.355489,-80.050351,8,Convenience Store
2.01508E+11,Sweet Peas Convenience Store,Center Independent Oil Stores LLC,9/1/15,3937,Library Rd,PA,15234,40.363119,-80.027195,8,Convenience Store
51211,T-Blvdnes BP #02706,T-Blvdnes Inc,1/13/94,787,Wexford Bayne Rd,PA,15090,40.616571,-80.09131,8,Convenience Store
2.01012E+11,The Hot Spot,S & A Convience Inc,11/23/10,601,Monongahela Av,PA,15045,40.325977,-79.892457,8,Convenience Store
2.01007E+11,Uni-Mart,Sman Kass United Inc,7/26/10,3400,Versailles Av,PA,15132,40.344889,-79.837515,8,Convenience Store
2.01001E+11,Uni-Mart #4682,Zee1 LLC,1/12/10,551,State St,PA,15025,40.292972,-79.874705,8,Convenience Store
2.00601E+11,Uni-Mart #94608,DJ LLC,1/10/06,1181,Romine Ave,PA,15133,40.342269,-79.871278,8,Convenience Store
551,Victoria's Dairy,,6/17/84,1716,Lowrie St,PA,15212,40.464324,-79.982206,8,Convenience Store
2.0101E+11,Z Corner Store,Z Corner Store LLC,9/22/10,520,Pikettsburgh Mills Circle,PA,15084,40.571307,-79.799218,8,Convenience Store
2.00901E+11,7 Eleven #36139A,,1/15/09,285,Mt Lebanon Blvd,PA,15234,40.368776,-80.037105,9,Convenience Store
2.01604E+11,7 Eleven #36154H,7 Eleven Inc,3/29/16,1101,Brookline Blvd,PA,15226,40.39224,-80.015038,9,Convenience Store
2.01009E+11,7 Eleven #36155,,9/1/10,818,Duquesne Blvd,PA,15110,40.38276,-79.856971,9,Convenience Store
2.00503E+11,B & Z Deli,B & Z Deli & Home Cooked Meals Inc,3/17/05,3392,Saxonburg Blvd,PA,15116,40.548903,-79.913913,9,Convenience Store
2.00803E+11,CVS / Pharmacy #258,Pennsylvania CVS Pharmacy LLC,3/18/08,5703,Steubenville Pike,PA,15136,40.451423,-80.134188,9,Convenience Store
2.01301E+11,EZ Energy #306 / 7 Eleven #36186H,7 Eleven Inc,12/11/12,3915,Wm Flynn Highway,PA,15101,40.559163,-79.959751,9,Convenience Store
2.0121E+11,EZ Energy #312 / 7 Eleven Store #36192H,7-Eleven Inc,10/16/12,650,Clairton Blvd,PA,15236,40.328839,-79.945503,9,Convenience Store
2.01201E+11,Family Dollar #4675,Family Dollar Stores of Pa Inc,1/13/12,27,Duquesne Blvd,PA,15110,40.374361,-79.846658,9,Convenience Store
2.00906E+11,Fast Grab & Go,Fast Grab & Go Inc,6/25/09,7261,Steubenville Pike,PA,15071,40.442577,-80.186135,9,Convenience Store
2.01109E+11,Getgo #3280,Giant Eagle Inc,9/26/11,1700,Wm Flynn Highway,PA,15116,40.538256,-79.961617,9,Convenience Store
2.01504E+11,Oakdale Mini Mart,Oakdale Mini Mart Inc,3/17/15,7520,Steubenville Pike,PA,15071,40.442116,-80.201258,9,Convenience Store
2.01205E+11,Save N Go,Save N Go Inc,5/1/12,5610,William Flynn Highway,PA,15044,40.63553,-79.939082,9,Convenience Store
39424,Sheetz #123,Sheetz Inc,6/3/85,5300,Wm Flynn Highway,PA,15044,40.614349,-79.946668,9,Convenience Store
2.01306E+11,Speedway #2903,Speedway LLC,6/19/13,4311,Steubenville Pike,PA,15205,40.43959,-80.093571,9,Convenience Store
36226,TJ's Deli Mart #2,Kehm Oil Co,2/12/87,5942,Steubenville Pike,PA,15136,40.448456,-80.142616,9,Convenience Store
2.00101E+11,Tonidale Marathon,Tonidale Legacy LP,12/29/00,7021,Steubenville Pike,PA,15071,40.443867,-80.174208,9,Convenience Store
2.01002E+11,Uni-Mart,KNZ Inc,1/28/10,1300,Coraopolis Hights Rd,PA,15108,40.501443,-80.175698,9,Convenience Store
2.0121E+11,EZ Energy #357 / 7 Eleven #36201H,7-Eleven Inc,10/12/12,10594,Perry Highway,PA,15090,40.612704,-80.054105,9,Convenience Store
2.01402E+11,$1 & Up,,12/15/13,744,Brookline Blvd,PA,15226,40.39374,-80.020522,9,Convenience Store
2.01509E+11,1 Stop Amish Deli & Gifts,,9/2/15,1906,Lincoln Hwy,PA,15137,40.367305,-79.779211,9,Convenience Store
2.01304E+11,3 D's Tobacco,3 D's Tobacco LLC,3/20/13,3604,5th Ave,PA,15213,40.441242,-79.958758,9,Convenience Store
2.01606E+11,5 GB's Fresh Foods,5 GB Retail LLC,6/1/16,1100,Chartiers Av,PA,15136,40.465482,-80.068211,9,Convenience Store
2.01402E+11,52nd Street Market,52nd Street Market LLC,2/1/14,601,52nd St,PA,15201,40.478808,-79.951957,9,Convenience Store
2.00911E+11,7 Eleven #106 36118A,,11/23/09,1,Bigelow Sq,PA,15219,40.44043,-79.99488,9,Convenience Store
54303,7 Eleven #167,Handee Marts Inc,9/8/95,643,Liberty Av,PA,15222,40.442605,-80.000205,9,Convenience Store
2.01605E+11,7 Eleven #2701-36160J,7 Eleven Inc,5/7/16,420,Smihfield St,PA,15222,40.439202,-79.998948,9,Convenience Store
2.01409E+11,7 Eleven #36117H,7 Eleven Inc,9/12/14,333,Thompson Run Rd,PA,15237,40.527563,-79.988854,9,Convenience Store
2.01206E+11,7 Eleven #36121A,Guvenal Inc,6/19/12,423,James St,PA,15145,40.408809,-79.819096,9,Convenience Store
2.01209E+11,7 Eleven #36122A,Ansa LLC,9/17/12,22,Grant Av,PA,15223,40.50398,-79.948659,9,Convenience Store
2.01512E+11,7 Eleven #36123,7 Eleven Inc,12/1/15,7500,Grand Av,PA,15225,40.5173,-80.148322,9,Convenience Store
2.01011E+11,7 Eleven #36126A,FMLone Corp,11/1/10,987,Greentree Rd,PA,15220,40.418082,-80.045137,9,Convenience Store
2.00309E+11,7 Eleven #36127A,Handee Marts Inc,8/28/03,137,Clever Rd,PA,15136,40.46957,-80.100321,9,Convenience Store
53158,7 Eleven #36128,Handee Marts Inc,2/8/95,6403,Brownsville Rd,PA,15236,40.321948,-79.994895,9,Convenience Store
2.01601E+11,7 Eleven #36134,,12/30/15,3955,Forbes Av,PA,15213,40.443016,-79.95494,9,Convenience Store
38100,7 Eleven #36135,,7/2/84,850,Blvdyce Rd,PA,15017,40.328211,-80.125669,9,Convenience Store
2.00803E+11,7 Eleven #36138H,7 Eleven Inc Licensing,3/5/08,740,W Ingomar Rd,PA,15237,40.581679,-80.056061,9,Convenience Store
44398,7 Eleven #36140A,,3/2/89,1005,Western Ave,PA,15233,40.451235,-80.019102,9,Convenience Store
2.00603E+11,7 Eleven #36144A,,2/8/06,95,Warrendale Bayne Rd,PA,15086,40.655507,-80.086794,9,Convenience Store
2.01108E+11,7 Eleven #36146A,A & H USA Corp,8/2/11,429,Wood St,PA,15222,40.440324,-80.00103,9,Convenience Store
2.00203E+11,7 Eleven #36152A,Handee Marts Inc,3/21/02,608,5th St,PA,15088,40.27325,-79.896205,9,Convenience Store
2.00301E+11,7 Eleven #36159A,Y & M Foods Inc.,1/8/03,1350,Wildwood Rd,PA,15044,40.594933,-79.993623,9,Convenience Store
2.01308E+11,7 Eleven #36193A,FMLONE Corp,8/21/13,999,Greentree Rd,PA,15220,40.416791,-80.044676,9,Convenience Store
2.01406E+11,7 Eleven Store #36131-A,,6/6/14,10,Prospect Av,PA,15205,40.445258,-80.066088,9,Convenience Store
2.0151E+11,7-Eleven #36124,Ansa Corp,10/7/15,1400,Radford Rd,PA,15227,40.363734,-79.967563,9,Convenience Store
2.01606E+11,A & K Convenience Store,A & K Convenience Store LLC,6/17/16,3459,Ward St,PA,15213,40.436402,-79.95436,9,Convenience Store
38094,A & M Market,,6/13/84,320,Coal St,PA,15221,40.435709,-79.882673,9,Convenience Store
2.01607E+11,Abby's,,7/7/16,2408,Reed St,PA,15219,40.444968,-79.971576,9,Convenience Store
2.01501E+11,Abe's Market,,1/20/15,1860,Centre Av,PA,15219,40.442818,-79.980847,9,Convenience Store
2.01012E+11,Aden Market,,12/16/10,1318,Federal St,PA,15212,40.457262,-80.006901,9,Convenience Store
2.01503E+11,Ak Schwartz Super Market,,3/4/15,1901,5th Ave,PA,15219,40.438518,-79.979264,9,Convenience Store
2.00901E+11,Alfreds Deli & Market,,12/17/08,3041,Brereton St,PA,15219,40.456775,-79.968396,9,Convenience Store
2.01403E+11,Allegheny City Market,Bryant St Market Inc,3/6/14,1327,Arch St,PA,15212,40.457244,-80.009625,9,Convenience Store
2.01101E+11,Allison Park Mini Market,PITT Group Inc,1/26/11,1675,Duncan Av,PA,15101,40.566346,-79.999275,9,Convenience Store
2.01209E+11,American Natural #12,Ophelia Holdings LP,9/7/12,103,22nd Av,PA,15120,40.397648,-79.902718,9,Convenience Store
2.01209E+11,American Natural #14,Hypatia Holdings LP,8/30/12,2619,Wexford Bayne Rd,PA,15143,40.614788,-80.098656,9,Convenience Store
2.01301E+11,American Natural #2,Hera Holdings LP,1/9/13,7338,Butler St,PA,15206,40.487385,-79.919823,9,Convenience Store
2.01209E+11,American Natural #5,American Natural Corp LLC,8/29/12,3800,Walnut St,PA,15132,40.32561,-79.839633,9,Convenience Store
2.01209E+11,American Natural #9,Cordelia Holdings LP,8/28/12,5738,Smithfield St,PA,15135,40.310955,-79.824816,9,Convenience Store
43765,Anlauf's Sunoco,,7/28/88,214,Rodi Rd,PA,15235,40.463141,-79.824297,9,Convenience Store
498,Ann's Market,,1/1/80,2316,Webster Ave,PA,15219,40.448314,-79.975214,9,Convenience Store
2.01504E+11,Anytime Market,Anytime Market Inc,4/3/15,730,Broadway Av,PA,15136,40.472941,-80.074361,9,Convenience Store
2.0021E+11,Arnold's Market,,9/23/02,1498,Center Av,PA,15229,40.515253,-80.045024,9,Convenience Store
2.00007E+11,Arrowhead Snack Bar,Rock Run Inc,7/6/00,800,Rock Run Rd,PA,15037,40.267835,-79.812587,9,Convenience Store
2.00301E+11,Azhar's Sunoco,,1/24/03,6500,Saltsburg Rd,PA,15235,40.482373,-79.809518,9,Convenience Store
2.00808E+11,Bailie Food Mart,Syed J Hernect LLC,8/8/08,2316,Bailie Ave,PA,15132,40.341159,-79.848683,9,Convenience Store
237,Bakers Dairy,,1/1/80,7300,Hamilton Ave,PA,15208,40.454003,-79.895663,9,Convenience Store
2.00702E+11,Bay Valley Foods Bldg #230 - Co. Store,Bay Valley Foods LLC,2/23/07,1080,River Ave,PA,15212,40.455278,-79.989036,9,Convenience Store
36939,Beccari Farm Market,,6/17/84,5095,Thoms Run Rd,PA,15071,40.373971,-80.133093,9,Convenience Store
17,Bell's Market,,6/17/84,603,Braddock Ave,PA,15104,40.403331,-79.868202,9,Convenience Store
2.01509E+11,Ben Avon Mini Mart,HALP Enterprise Inc,8/25/15,200,Division Av,PA,15202,40.503809,-80.075415,9,Convenience Store
2.01509E+11,Bhangal Mcknight,Bhangal LLC,8/31/15,4616,Mcknight Rd,PA,15237,40.506003,-80.007421,9,Convenience Store
2.01503E+11,Big Daddy's,,3/11/15,564,Forbes Av,PA,15219,40.437655,-79.995074,9,Convenience Store
2.01406E+11,Bizi Mart,NeighBlvdrhood Market LLC,5/30/14,2134,Carson St,PA,15203,40.428206,-79.974793,9,Convenience Store
38477,Blue Eagle Market,,9/5/84,726,Broadway Ave,PA,15136,40.472971,-80.07416,9,Convenience Store
2.00901E+11,Blvdb's Exxon,Global Contact LLC,1/21/09,2602,Freeport Rd,PA,15065,40.633564,-79.713801,9,Convenience Store
2.00504E+11,BP / Bloomfield,Jay Oil Corp,4/15/05,4006,Liberty Ave,PA,15224,40.462645,-79.95682,9,Convenience Store
2.00708E+11,BP Connect,NILU Enterprise Inc,8/23/07,2,Beaver Grade Rd,PA,15136,40.452448,-80.133194,9,Convenience Store
2.00808E+11,BP Fueland #228,Superior Petroleum Co,8/11/08,1927,Brownsville Rd,PA,15210,40.395391,-79.986501,9,Convenience Store
2.00808E+11,BP Gas Station,NiLu Entperprise Inc,8/20/08,1001,Evergreen Av,PA,15209,40.490782,-79.971815,9,Convenience Store
2.01408E+11,BP Gas Station #36182,SGII Group LLC,12/17/13,100,Fox Chapel Dr,PA,15238,40.489314,-79.882457,9,Convenience Store
2.0081E+11,BP Oil,Om Shiva Management Inc,9/19/08,231,5th Ave,PA,15132,40.351205,-79.86532,9,Convenience Store
56890,BP Oil #07414,Dave's BP LLC,10/28/97,4260,Evergreen Rd,PA,15214,40.495669,-80.00773,9,Convenience Store
2.00802E+11,BP Oil #67315,Ukani Brothers Inc,2/8/08,2900,Banksville Rd,PA,15216,40.402949,-80.041463,9,Convenience Store
2.01506E+11,BP South Braddock,Shiv Oil Inc,6/10/15,1600,Braddock Av,PA,15218,40.426943,-79.890856,9,Convenience Store
2.0131E+11,BP Stop & Go,Shiv Sankar Corp,10/22/13,638,Brown Av,PA,15145,40.42596,-79.8345,9,Convenience Store
2.00712E+11,BP/ BFS Foods #64,BFS Foods Inc,12/14/07,3984,Monroeville Blvd,PA,15146,40.436011,-79.773069,9,Convenience Store
2.00506E+11,BP/ Fueland #216,Superior Petroleum Co,6/16/05,625,Ardmore Blvd,PA,15221,40.437049,-79.873803,9,Convenience Store
2.00707E+11,Broadway Dairy Mart,,7/19/07,412,Broadway Ave,PA,15136,40.46921,-80.068713,9,Convenience Store
2.01305E+11,Broadway Market,,5/14/13,295,Broadway Av,PA,15136,40.467589,-80.067325,9,Convenience Store
2.01004E+11,Bryant Street Market,Bryant St Market Inc,4/15/10,5901,Bryant St,PA,15206,40.475878,-79.91957,9,Convenience Store
2.00904E+11,C & C News & Snax,,4/2/09,2,Ppg Pl,PA,15222,40.440491,-80.00349,9,Convenience Store
2.01403E+11,CeeBee Market,,2/1/14,202,Brownsville Rd,PA,15210,40.4158,-79.987353,9,Convenience Store
2.0031E+11,Center Point Convenience,,9/25/03,4061,Perrysville Ave,PA,15214,40.492315,-80.0217,9,Convenience Store
2.00408E+11,Cheneh A - Plus Mini Mart,Cheneh A - Plus LLC,8/3/04,5013,Butler St,PA,15201,40.478309,-79.956214,9,Convenience Store
46062,Christy's Market,,7/17/90,555,Foundry St,PA,15215,40.50358,-79.937308,9,Convenience Store
2.0071E+11,Chuong's Market,,10/18/07,2208,Arlington Ave,PA,15210,40.417017,-79.975536,9,Convenience Store
2.0121E+11,CIO Stores #14,Ivan LLC 3,9/27/12,1909,Painters Run Rd,PA,15241,40.363565,-80.086297,9,Convenience Store
2.00208E+11,Circle K #4200,Mac's Convenience Stores LLC,8/22/02,2903,Brighton Rd,PA,15212,40.471598,-80.02729,9,Convenience Store
2.00208E+11,Circle K #4201,Mac's Convenience Stores LLC,8/20/02,501,Main St,PA,15215,40.494777,-79.936723,9,Convenience Store
2.00208E+11,Circle K #4202,Mac's Convenience Stores LLC,8/20/02,3817,Butler St,PA,15201,40.467553,-79.964223,9,Convenience Store
2.01111E+11,Circle K #4235,Mac's Convenience Stores LLC,11/10/11,200,Market Place Dr,PA,15071,40.441153,-80.240396,9,Convenience Store
2.01508E+11,City News & Arcade,,7/31/15,418,Wood St,PA,15222,40.43978,-80.000753,9,Convenience Store
2.00703E+11,Co Go #1808,Brookline Minimart Inc,3/5/07,1001,Brookline Blvd,PA,15226,40.392358,-80.017326,9,Convenience Store
2.00412E+11,Co Go's #1817,USMA United Enterprise Inc,12/16/04,2800,Brownsville Rd,PA,15227,40.383403,-79.977468,9,Convenience Store
2068,Co Go's #321,Co Go's,6/17/84,2733,South Park Road,PA,15102,40.327631,-80.031909,9,Convenience Store
2.00806E+11,Co Go's #322,Ultra Biz Inc,5/22/08,510,Station St,PA,15017,40.357225,-80.110748,9,Convenience Store
2.00601E+11,Co Go's #329,Co Go's,1/1/06,1050,Brinton Rd,PA,15221,40.429065,-79.874667,9,Convenience Store
2.00605E+11,Co Go's #338,Co Go's,5/1/06,3767,Brownsville Rd,PA,15227,40.37061,-79.974834,9,Convenience Store
2.01008E+11,Co Go's #496,Co Go's,8/4/10,721,Island Av,PA,15136,40.473124,-80.062598,9,Convenience Store
41905,Co Go's #777,Co Go's,1/27/87,20,Bailey Av,PA,15211,40.426751,-80.004641,9,Convenience Store
2.00707E+11,Co Go's #786,Conburgh Covience Inc,6/27/07,2003,S Braddock Ave,PA,15218,40.422453,-79.885302,9,Convenience Store
33210,Co Go's #801,Co Go's,6/17/84,1709,Saw Mill Run Blvd,PA,15210,40.395816,-79.997403,9,Convenience Store
2.00309E+11,Co Go's #811,CE Corp,9/5/03,314,Scenery Dr,PA,15037,40.278022,-79.837547,9,Convenience Store
40500,Co Go's #812,Co Go's,2/24/86,1501,N Canal St,PA,15215,40.496714,-79.926033,9,Convenience Store
41462,Co Go's #813,Co Go's,9/9/86,925,E Carson St,PA,15203,40.428967,-79.989023,9,Convenience Store
41661,Co Go's #814,Co Go's,11/5/86,304,Virginia Ave,PA,15211,40.431339,-80.010762,9,Convenience Store
2.00904E+11,Co Go's #821,Co Go's,4/7/09,1513,Lincoln Wa,PA,15131,40.349044,-79.817798,9,Convenience Store
2.00109E+11,Cochran A-Plus Sunoco #60568,,9/14/01,1630,Cochran Rd,PA,15220,40.392207,-80.061257,9,Convenience Store
2.01211E+11,CoGo's #1493,Saikripa Inc,11/16/12,620,Lincoln Av,PA,15202,40.497549,-80.058938,9,Convenience Store
2.01211E+11,CoGo's #1784,,11/20/12,1530,Potomac Av,PA,15216,40.397238,-80.03548,9,Convenience Store
2.01304E+11,ComBlvd Mini Mart,Corporation S,4/10/13,1235,Muldowney St,PA,15207,40.368932,-79.914005,9,Convenience Store
2.01111E+11,Comet News,,11/4/11,540,Braddock Av,PA,15104,40.403638,-79.869559,9,Convenience Store
57100,Coraopolis Fast Stop,Rebco Ent Inc,1/22/98,879,4th Ave,PA,15108,40.51961,-80.166401,9,Convenience Store
2.00502E+11,Craft A-Plus,Sgn-Craft Ave LLC,2/2/05,301,Craft Ave,PA,15213,40.435614,-79.96088,9,Convenience Store
2.00704E+11,Croskey's Sunoco,Cross - Keys LLC,4/24/07,806,Freeport Rd,PA,15238,40.498863,-79.85316,9,Convenience Store
365,Crossroads Service Center,Crossroads Service Center Inc,1/1/70,4600,Homestead Duquesne Rd,PA,15122,40.376274,-79.894553,9,Convenience Store
2.01007E+11,Curry Hollow Sunoco,,7/12/10,340,Curry Hollow Rd,PA,15236,40.337461,-79.977244,9,Convenience Store
2.0121E+11,CVS / Pharmacy #10034,Pennsylvania CVS Pharmacy LLC,10/17/12,611,Duncan Av,PA,15237,40.567824,-80.02325,9,Convenience Store
2.00408E+11,Daily Mart,,8/26/04,1125,Arlington Ave,PA,15203,40.422044,-79.991713,9,Convenience Store
2.01509E+11,Dar's General Store,,9/2/15,709,Chartiers Av,PA,15136,40.465584,-80.06193,9,Convenience Store
2.01405E+11,Deurali Bazar Inc,,2/12/14,309,Brownsville Rd,PA,15210,40.414053,-79.988023,9,Convenience Store
35569,DiLeo's Deli,,1/1/80,1009,9th Av,PA,15014,40.609868,-79.741569,9,Convenience Store
2.01602E+11,Dipen Ent Inc / Marathon,Dipen Enterprise Inc,1/27/16,3646,Library Rd,PA,15234,40.365139,-80.019469,9,Convenience Store
2.01211E+11,DJ's Butcher Block,DKSJR,11/26/12,4623,Liberty Av,PA,15224,40.462454,-79.949999,9,Convenience Store
2.01506E+11,Dollar General #15784,Penntex Ventures LLC,6/29/15,2301,Brownsville Rd,PA,15129,40.298348,-79.993658,9,Convenience Store
2.00805E+11,Dollar Tree #00236,Dollar Tree Stores Inc,5/5/08,240,Mt NeBlvd Pointe Dr,PA,15237,40.534703,-80.065129,9,Convenience Store
2.01208E+11,Dollar Tree #05038,Dollar Tree Stores Inc,8/3/12,4714,Mcknight Rd,PA,15237,40.521242,-80.004588,9,Convenience Store
2.01607E+11,Dollar Tree #06413,Dollar Tree Stores Inc,7/11/16,4680,Old William Penn Highway,PA,15146,40.438817,-79.741022,9,Convenience Store
1.99909E+11,Dollar Tree #1272,Dollar Tree Stores Inc,7/27/99,5990,University Blvd,PA,15108,40.521267,-80.219777,9,Convenience Store
2.00908E+11,Dollar Tree #4222,Dollar Tree Stores Inc,8/24/09,1020,Village Center Dr,PA,15084,40.568368,-79.803954,9,Convenience Store
2.00911E+11,Dollar Tree #4287,Dollar Tree Stores Inc,11/12/09,47,Walsh Rd,PA,15205,40.440254,-80.071174,9,Convenience Store
2.01408E+11,Double Car Wash,Center Independent Oil Stores LLC,8/4/14,2305,O'Neil Blvd,PA,15131,40.351707,-79.829165,9,Convenience Store
2.00209E+11,DuBlvdis B P II,,9/17/02,4731,Buttermilk Hollow Rd,PA,15122,40.359269,-79.907848,9,Convenience Store
52811,DuBlvdis BP,,10/11/94,1006,E Carson St,PA,15203,40.428491,-79.988222,9,Convenience Store
37769,East Park News,,4/14/84,406,E OHighwayo St,PA,15212,40.453472,-80.001337,9,Convenience Store
2.01506E+11,Eddies Snacks & Smokes,Eddies Snacks & Smokes LLC,6/16/15,262,5th Ave,PA,15219,40.440665,-80.000665,9,Convenience Store
2.00908E+11,Eden's Market,,8/1/09,99,Alfred St,PA,15228,40.380757,-80.044191,9,Convenience Store
45463,Eiben Services,Ron Eiben Inc,1/5/90,2929,Churchview Ave,PA,15227,40.385355,-79.973001,9,Convenience Store
49482,Elizabeth BP,,12/26/93,141,Mckeesport Rd,PA,15037,40.274669,-79.883592,9,Convenience Store
36267,Els Convenience Stop,,6/17/84,1614,Penn Ave,PA,15221,40.442694,-79.867069,9,Convenience Store
2.00307E+11,Ethnic Foods,,6/27/03,4371,Murray Ave,PA,15217,40.420038,-79.928022,9,Convenience Store
2.00408E+11,Etna Express,Javed I Ahmeo Inc,8/9/04,421,Butler St,PA,15223,40.498662,-79.944097,9,Convenience Store
2.01304E+11,Express Mini Mart @ BP Fueland,Varneeraj Corp,4/18/13,501,Lowries Run Rd,PA,15237,40.533915,-80.053035,9,Convenience Store
2.01601E+11,Express Uni-Mart,,1/14/16,612,Old Clairton Rd,PA,15236,40.324988,-79.957677,9,Convenience Store
2.01411E+11,Exxon Cheswick,Bhangal LLC,10/21/14,1003,Freeport Rd,PA,15024,40.540678,-79.814181,9,Convenience Store
2.0121E+11,EZ Energy #305 / 7 Eleven #36185H,7 Eleven Inc,10/22/12,2269,Noblestown Rd,PA,15205,40.42805,-80.053313,9,Convenience Store
2.01211E+11,EZ Energy #308 / 7 Eleven #36188H,7 Eleven Inc,11/20/12,4775,Mcknight Rd,PA,15237,40.521671,-80.005583,9,Convenience Store
2.0121E+11,EZ Energy #309 / 7 Eleven Store #36189H,7-Eleven Inc,10/16/12,6250,Library Rd,PA,15102,40.293358,-80.031019,9,Convenience Store
2.0121E+11,EZ Energy #315 / 7 Eleven #36195H,7 Eleven Inc,10/15/12,2,Heckle Rd,PA,15136,40.474295,-80.094876,9,Convenience Store
2.01211E+11,EZ Energy #354 / 7 Eleven #36199H,7 Eleven Inc,11/20/12,1102,Perry Highwayghway,PA,15237,40.544999,-80.035607,9,Convenience Store
2.0121E+11,EZ Energy #361 / 7 Eleven #36205H,7-Eleven Inc,10/12/12,6106,Saltsburg Rd,PA,15147,40.484089,-79.818876,9,Convenience Store
2.00602E+11,Family Dollar #7199,Family Dollar Stores of PA Inc,1/23/06,1917,Centre Ave,PA,15213,40.443703,-79.980664,9,Convenience Store
2.00812E+11,Fast Eddie's Food-N-Fuel / G-Man Pizza & Deli,Route 30 Development LLP,11/24/08,1424,U.S. Route 30,PA,15026,40.493478,-80.306274,9,Convenience Store
42946,Fast Stop,,10/26/87,620,Mcgovern Blvd,PA,15108,40.54535,-80.218291,9,Convenience Store
56962,Forbes Ave Market,,11/14/97,2005,Forbes Av,PA,15219,40.437573,-79.977418,9,Convenience Store
40715,Fourth St Market,,4/15/86,529,4th St,PA,15104,40.407309,-79.869172,9,Convenience Store
2.00903E+11,Frankstown Shell,SG II Group LLC,2/26/09,6701,Frankstown Ave,PA,15208,40.458838,-79.90757,9,Convenience Store
51538,Fratangelo Garden,,4/26/94,1014,Brodhead Rd,PA,15108,40.525828,-80.224015,9,Convenience Store
2.00808E+11,Frick Park Market,Frick Park Market LLC,8/11/08,7103,Reynolds St,PA,15208,40.447214,-79.905123,9,Convenience Store
54565,Friend's Shell Food Shop,,11/21/95,5735,Baum Blvd,PA,15206,40.458897,-79.932637,9,Convenience Store
2.01305E+11,Fueland,Yogi Oil Corporation,5/7/13,801,Island Av,PA,15136,40.473586,-80.063464,9,Convenience Store
55778,Fueland #1,Milo C Ritton Inc,9/6/96,431,West 7th Ave,PA,15120,40.402631,-79.917951,9,Convenience Store
2.01305E+11,Fulland Green Tree,Mahdev Corp,5/1/13,2373,Noblestown Rd,PA,15205,40.426565,-80.056017,9,Convenience Store
2.01505E+11,Gaby Et Jules @ Market Street Grocery,Gaby Et Jules LLC,4/27/15,435,Market St,PA,15222,40.441173,-80.002364,9,Convenience Store
2.01009E+11,Garfield Hill Market,Garfield Hill Market Inc,9/23/10,340,N. Aiken Av,PA,15206,40.467559,-79.93441,9,Convenience Store
2.01211E+11,Gas n' At,,10/29/12,5700,Homeville Rd,PA,15122,40.366344,-79.871442,9,Convenience Store
2.01507E+11,Get Go #3205,Giant Eagle Inc,6/26/15,350,East Main St,PA,15106,40.409689,-80.082978,9,Convenience Store
2.01204E+11,Get It Quick,Accurate Business Solutions Inc,4/5/12,500,Garden City Dr,PA,15146,40.44872,-79.780666,9,Convenience Store
2.01301E+11,Getgo # 3003,Giant Eagle Inc,1/11/13,3247,E Carson St,PA,15203,40.423126,-79.960079,9,Convenience Store
2.01302E+11,Getgo #3021,Giant Eagle Inc,1/31/13,7675,Mcknight Rd,PA,15237,40.545311,-80.016893,9,Convenience Store
2.0101E+11,GetGo #3038,Giant Eagle Inc,10/14/10,5801,Forward Av,PA,15217,40.429982,-79.923159,9,Convenience Store
2.00901E+11,GetGo #3043,Giant Eagle Inc,12/10/08,140,Towne Center Dr,PA,15090,40.631618,-80.055692,9,Convenience Store
2.00408E+11,GetGo #3060,Giant Eagle Inc,8/23/04,4000,Monroeville Blvd,PA,15146,40.435393,-79.77265,9,Convenience Store
45197,GetGo #3102,Giant Eagle Inc,9/9/89,1137,WasHighwayngton Av,PA,15106,40.396745,-80.084329,9,Convenience Store
2.00605E+11,Getgo #3106,Giant Eagle Inc,5/8/06,408,Penn Av,PA,15221,40.444932,-79.88936,9,Convenience Store
44982,GetGo #3107,Giant Eagle Inc,8/7/89,4000,Butler St,PA,15201,40.468733,-79.961717,9,Convenience Store
45187,GetGo #3117,Giant Eagle Inc,9/27/89,117,S 18th St,PA,15203,40.427557,-79.980338,9,Convenience Store
2.00411E+11,GetGo #3128,Giant Eagle Inc,11/30/04,5281,Library Rd,PA,15102,40.331327,-80.02207,9,Convenience Store
44987,GetGo #3140,Giant Eagle Inc,8/4/89,4685,Old Wm Penn Hwy,PA,15146,40.440985,-79.742885,9,Convenience Store
2.00708E+11,GetGo #3172,Giant Eagle Inc,8/10/07,1081,Freeport Rd,PA,15238,40.488003,-79.883677,9,Convenience Store
2.01301E+11,Getgo #3185,Giant Eagle Inc,12/19/12,1200,Hoffman Blvd,PA,15122,40.382719,-79.868215,9,Convenience Store
2.00106E+11,GetGo #3188,Giant Eagle Inc,5/8/01,1001,Lebanon Rd,PA,15122,40.361538,-79.932066,9,Convenience Store
2.00508E+11,GetGo #3486,Giant Eagle Inc,7/10/05,800,Allegheny River Blvd,PA,15147,40.506894,-79.843134,9,Convenience Store
2.00508E+11,Getgo #3487,Giant Eagle Inc,8/12/05,801,Mt Royal Blvd,PA,15233,40.51415,-79.95942,9,Convenience Store
2.00508E+11,GetGo #3488,Giant Eagle Inc,8/9/05,5603,Babcock Blvd,PA,15237,40.546976,-80.02915,9,Convenience Store
2.00508E+11,Getgo #3489,Giant Eagle Inc,8/12/05,2401,Ferguson Rd,PA,15101,40.555705,-79.971377,9,Convenience Store
2.00701E+11,Getgo #3600,Giant Eagle Inc,12/8/06,2811,Jacks Run Rd,PA,15131,40.338101,-79.807652,9,Convenience Store
2.00507E+11,GetGo #3616,Giant Eagle Inc,7/12/05,3601,Saw Mill Run Blvd,PA,15227,40.372147,-79.981536,9,Convenience Store
2.01011E+11,Getgo #3641,Giant Eagle Inc,11/4/10,3029,WasHighwayngton Pike,PA,15017,40.173242,-80.24199,9,Convenience Store
2.01108E+11,Getgo #3642,Giant Eagle Inc,7/28/11,6507,University Blvd,PA,15108,40.518266,-80.218658,9,Convenience Store
2.00708E+11,Getgo #3691,Giant Eagle Inc,8/17/07,4099,Grandview Dr,PA,15044,40.643031,-79.937868,9,Convenience Store
2.01405E+11,Getgo Elizabeth #3005,Giant Eagle Inc,5/16/14,1000,Hayden Blvd,PA,15037,40.264741,-79.879445,9,Convenience Store
43906,Glassmere Fuel Service #205,,8/16/88,1967,Saxonburg Blvd,PA,15084,40.629201,-79.855635,9,Convenience Store
2.01409E+11,Good News,Good News,9/18/14,625,Stanwix St,PA,15222,40.443227,-80.004835,9,Convenience Store
57827,Greyhound Frankstown Sunoco A Plus,,11/17/98,6481,Fransktown Ave,PA,15206,40.460783,-79.913953,9,Convenience Store
2.01409E+11,Gulf Gas Station - Bridgeville,Shiv Oil Inc,9/11/14,449,Railroad St,PA,15017,40.357899,-80.110312,9,Convenience Store
2.00406E+11,Hampton Sunoco,Rose Oil Co,6/3/04,4785,Wm Flynn Hwy,PA,15101,40.596714,-79.948208,9,Convenience Store
2.01405E+11,Hanini Market,Izmar Corporation,4/22/14,3245,Brighton Rd,PA,15212,40.476384,-80.031944,9,Convenience Store
2.01604E+11,Hanini Market,Sham2015 LLC,1/1/16,549,Bessemer Av,PA,15112,40.395204,-79.839383,9,Convenience Store
2.01206E+11,Hanini Market/ Hanini Subs,RSIM Foods Inc,5/31/12,1105,Franklin Av,PA,15221,40.439089,-79.878795,9,Convenience Store
2.00501E+11,Happy Minimart,Happy Minimart Inc,1/4/05,1300,Brodhead Rd,PA,15108,40.535015,-80.229455,9,Convenience Store
2.00608E+11,Happy Minimart,Happy Minimart Inc,8/14/06,512,E Pikettsburgh - Mckeesport Blvd,PA,15137,40.369823,-79.8292,9,Convenience Store
2.01003E+11,Harvest Valley Farms,,3/26/10,6003,Cunningham Rd,PA,15044,40.663894,-79.934941,9,Convenience Store
2.00903E+11,Harv's Shell Station,Stickler Service LLC,3/24/09,2501,Brighton Rd,PA,15212,40.466959,-80.025229,9,Convenience Store
2.0141E+11,Homewood's Quik Pick,,10/22/14,7201,Frankstown Av,PA,15208,40.45752,-79.8961,9,Convenience Store
57252,Honey Bear/Spee-D Mart #223,Graft Oil Co / OCI Inc,4/1/98,2131,Ardmore Blvd,PA,15221,40.418907,-79.848982,9,Convenience Store
2.0091E+11,In & Out Market,,10/21/09,300,Helen St,PA,15136,40.474126,-80.057105,9,Convenience Store
2.01503E+11,Indian Grocery Oakland,Ladani Perto Inc,3/11/15,319,Craig St,PA,15213,40.4451,-79.948482,9,Convenience Store
46566,J & K Plus Store #102,,7/30/90,901,Elizabeth St,PA,15221,40.426262,-79.841255,9,Convenience Store
2.00908E+11,J & S Food Mart,JHS Singh Enterprise LLC,8/5/09,625,W Grant St,PA,15110,40.37177,-79.851733,9,Convenience Store
2.01104E+11,J J's Deli Mart,Deepak Inc,4/22/11,2300,Versailles Av,PA,15132,40.345639,-79.849166,9,Convenience Store
32897,J&M Dariette,,6/17/84,552,3rd St,PA,15025,40.292983,-79.881361,9,Convenience Store
2.01507E+11,Jack's Market & Coffee Shop,Jack's Market & Coffee Shop Inc,7/16/15,245,8th Av,PA,15120,40.408016,-79.909637,9,Convenience Store
2.01506E+11,Jade 99 Asian Supermaket,Jade 99 Asian Supermarket LLC,8/1/14,2112,Penn Av,PA,15222,40.451847,-79.982434,9,Convenience Store
2.01206E+11,Jessie's Westside Market,,6/12/12,3038,Chartiers Av,PA,15204,40.454017,-80.05974,9,Convenience Store
2.01312E+11,J-N-J Convenience Store,J-N-J Convenience Store LLC,12/17/13,646,Herron Av,PA,15219,40.452605,-79.964261,9,Convenience Store
389,Joes Butcher Shop,,4/1/76,502,Broadway Av,PA,15140,40.401989,-79.777692,9,Convenience Store
2.01507E+11,K-2 Convenience Store,New Indus Corporation Inc,6/29/15,4900,Penn Av,PA,15224,40.464939,-79.94488,9,Convenience Store
641,Ken's Grocery,,6/17/84,216,Beltzhoover Ave,PA,15210,40.420099,-79.997633,9,Convenience Store
2.00603E+11,Kiev International Food,Kiev International Market,3/6/06,4223,Murray Ave,PA,15217,40.422509,-79.928598,9,Convenience Store
2.01404E+11,Kubaa Oriental Grocery,,4/9/14,613,OHighwayo St,PA,15212,40.453617,-79.998695,9,Convenience Store
45281,Kudla's Service Center,Kudla's Service Center LLC,10/20/89,2733,South Park Road,PA,15102,40.327631,-80.031909,9,Convenience Store
57061,Kwik Fill #239 S0001,United Refining Co Of Pa,1/6/98,152,Mcgovern Blvd,PA,15046,40.563829,-80.227708,9,Convenience Store
35349,Kwik Fill S0171,United Refining Co Of Pa,1/1/80,400,Allegheny River Blvd,PA,15139,40.516465,-79.842597,9,Convenience Store
46734,L A Grocery,West Indian American Grocers,12/12/90,511,Larimer Ave,PA,15206,40.465579,-79.914188,9,Convenience Store
2.00403E+11,L E Corner Store,,3/16/04,601,Lincoln Ave,PA,15206,40.461804,-79.907894,9,Convenience Store
51131,Labad's Mediterranean Cafe & Grocery,,12/13/93,1727,Penn Av,PA,15222,40.450316,-79.985441,9,Convenience Store
38824,Labriola Italian World,,12/27/84,605,Freeport Rd,PA,15215,40.488444,-79.898703,9,Convenience Store
2.00908E+11,Last Minit Mart in Blawnox,Last Minit Mart Inc,8/3/09,164,Freeport Rd,PA,15238,40.491362,-79.865556,9,Convenience Store
2.00901E+11,Lebanon Shops Pharmacy,"Thomas C Riley / Gene A Riley PRTS, Lebanon Shop Pharmacy",1/21/09,300,Mt Lebanon Blvd,PA,15234,40.368707,-80.034816,9,Convenience Store
1.99912E+11,Le's Super Grocery Kart,,11/24/99,5482,Penn Ave,PA,15206,40.463967,-79.932666,9,Convenience Store
49364,Liberty News,Chandan Corp,12/3/92,602,Liberty Av,PA,15222,40.441824,-80.001535,9,Convenience Store
2.01507E+11,Linea Verde - Green Market,,6/26/15,4619,Liberty Av,PA,15224,40.462519,-79.950128,9,Convenience Store
2.01402E+11,Los Campos,,8/29/13,11566,Perry Highwayghway,PA,15090,40.625991,-80.054021,9,Convenience Store
2.01012E+11,Lovedale Valero,,11/19/10,2002,Lincoln Blvd,PA,15037,40.278924,-79.874895,9,Convenience Store
2.00303E+11,Lucky Bucks,Carbern Foods Inc,2/10/03,125,Virginia Ave,PA,15211,40.429437,-80.008009,9,Convenience Store
2.00401E+11,Marathon Imperial Tri-State Petroleum #213,Tri-State Petroleum Corp,1/12/04,150,U.S. Route 30,PA,15071,40.440899,-80.238239,9,Convenience Store
2.00203E+11,Marathon Tri-State Petroleum #201,Tri-State Petroleum Corp,3/22/02,956,Greentree Rd,PA,15220,40.419694,-80.04666,9,Convenience Store
2.00203E+11,Marathon Tri-State Petroleum #203,Tri-State Petroleum Corp,3/21/02,2022,WasHighwayngton Pike,PA,15106,40.173242,-80.24199,9,Convenience Store
2.00606E+11,Marathon Tri-State Petroleum #219,Tri-State Petroleum Corp,6/6/06,3500,Forbes Ave,PA,15213,40.439904,-79.95801,9,Convenience Store
2.00903E+11,Marathon Tri-State Petroleum #221,Tri-State Petroleum Corp,3/17/09,100,7th Av,PA,15084,40.601875,-79.756348,9,Convenience Store
2.00801E+11,Marathon Tri-State Petroleum #222,Tri-State Petroleum,1/23/08,2601,Freeport Rd,PA,15238,40.537383,-79.839998,9,Convenience Store
2.01301E+11,Marathon Tri-State Petroleum #223,Tri State Petroleum,12/21/12,6680,Frankstown Av,PA,15235,40.458544,-79.908615,9,Convenience Store
2.00904E+11,Marathon Tri-State Petroleum #224,Tri-State Petroleum,4/6/09,4010,Penn Av,PA,15224,40.464964,-79.95759,9,Convenience Store
2.01308E+11,Market on Middle,Environmental Transformation LLC,8/5/13,2130,Middle Rd,PA,15116,40.548525,-79.934689,9,Convenience Store
52202,Marshall's Exxon,Marshall Wood Works Ltd,7/20/94,1520,Spring Garden Ave,PA,15212,40.464747,-79.98595,9,Convenience Store
48562,Mascari's Duncan Manor Exxon / Staks,Mascari Fuel Company,6/25/92,1700,Ferguson Rd,PA,15101,40.565659,-79.9987,9,Convenience Store
2.01506E+11,Mash Mini Mart,MAA United LLC,6/1/15,4341,Old Wm Penn Highway,PA,15146,40.443278,-79.773673,9,Convenience Store
1.99909E+11,Mauro's Exxon,,9/28/99,7409,Saltsburg Rd,PA,15235,40.477696,-79.784625,9,Convenience Store
2.00002E+11,McKees Rocks Sunoco A Plus,Tulsi Oil Corporation,2/3/00,351,Stanhope St,PA,15204,40.46336,-80.05625,9,Convenience Store
2.01205E+11,Meme's Market,Meme's Market Inc,5/7/12,1608,Walz St,PA,15212,40.46336,-79.991069,9,Convenience Store
2.0131E+11,Mike's Spot,Shreeji Enterprise LLC,9/27/13,815,Universal Rd,PA,15235,40.461123,-79.811884,9,Convenience Store
2.00508E+11,Mini-Mitch Quick Stop,Mitchell's Rest & Bar Inc,8/5/05,304,Ross St,PA,15219,40.437105,-79.996495,9,Convenience Store
2.00006E+11,Morningside Market,Harish K & Chandra Dulani,6/5/00,1748,CHighwayslett St St,PA,15206,40.485217,-79.92578,9,Convenience Store
2.01412E+11,Mr C's Convenience Store,Second Impressions New & Used LLC,12/1/14,350,Center Av,PA,15229,40.516583,-80.02187,9,Convenience Store
2.0121E+11,Natoli's Market,RNDD,10/17/12,5045,Bakerstown Rd,PA,15044,40.661682,-80.003907,9,Convenience Store
2.00508E+11,Nelson Community Store,,7/27/05,92,Sylvania Ave,PA,15210,40.417031,-80.00607,9,Convenience Store
2.00601E+11,New Young's Oriental Grocery,,12/21/05,5813,Forward Ave,PA,15217,40.42973,-79.922853,9,Convenience Store
2.01011E+11,Oakhill Convenient Store,,11/9/10,132,Burrows St,PA,15213,40.439166,-79.966686,9,Convenience Store
2.00906E+11,OM Enterprise,,6/15/09,601,Mcneilly Rd,PA,15226,40.383053,-80.020965,9,Convenience Store
54329,On the Go Market,Premier Station Inc,9/15/95,2873,W Liberty Av,PA,15216,40.395561,-80.033092,9,Convenience Store
2.01212E+11,One Stop,,12/3/12,3601,Blvd Of The Allies,PA,15213,40.434751,-79.954267,9,Convenience Store
2.00209E+11,Optima #1386,Sunoco Inc R&M,9/20/02,107,Walmart Dr,PA,15137,40.387172,-79.82252,9,Convenience Store
1.99902E+11,P & W Mini Mart,P & W Auto Spa Partnership,2/12/99,410,Scenery Dr,PA,15037,40.277157,-79.837797,9,Convenience Store
56172,Parkway Service B P,,1/23/97,910,Saw Mill Run Blvd,PA,15220,40.426572,-80.022275,9,Convenience Store
57541,ParMar Store #56,Dr Petroleum Co,7/23/98,8197,Mcknight Rd,PA,15237,40.557547,-80.023367,9,Convenience Store
2.01402E+11,Penn Hills Sunoco,Jeet Enterprise Inc,1/28/14,3899,Old William Penn Highway,PA,15235,40.444181,-79.81354,9,Convenience Store
2.00401E+11,Penn Sunoco,Penn Management Inc,1/7/04,4068,Penn Ave,PA,15224,40.465415,-79.955315,9,Convenience Store
42919,People's Grocery,,10/14/87,5136,Penn Ave,PA,15224,40.464646,-79.941379,9,Convenience Store
2412,Perriello Produce,,8/20/92,208,7th Av,PA,15084,40.600196,-79.761249,9,Convenience Store
1.99909E+11,Pirollo's Delicatessen,,9/27/99,307,Hulton Rd,PA,15147,40.489741,-79.819455,9,Convenience Store
2.00104E+11,Pitcairn Sunoco,,4/24/01,479,Broadway Blvd,PA,15140,40.401542,-79.778113,9,Convenience Store
2.00502E+11,Plum Convenience,Plum Convenience Inc,1/27/05,7615,Saltsburg Rd,PA,15239,40.476307,-79.778563,9,Convenience Store
2.01506E+11,Plum Sunoco,Dhan Laxmi Corp,6/15/15,255,Unity Center Rd,PA,15239,40.489993,-79.780528,9,Convenience Store
2.01101E+11,PNC C Store,Parkhurst Dining,2/1/11,620,Liberty Av,PA,15222,40.441767,-80.000839,9,Convenience Store
2.01202E+11,PNK Store,,1/30/12,490,North Av,PA,15212,40.456629,-80.002082,9,Convenience Store
294,Podmilsak's Market,,1/1/50,200,Herron Av,PA,15024,40.542758,-79.814823,9,Convenience Store
2.00606E+11,Popeye's Mini Mart,Popeye's Mini Mart LLC,6/7/06,1510,Saxonburg Blvd,PA,15084,40.653924,-79.839314,9,Convenience Store
2.01206E+11,Presto Qwik Stop,,6/5/12,5237,Thoms Run Rd,PA,15142,40.373335,-80.119033,9,Convenience Store
2.00411E+11,Prestogeorge Fine Foods,Prestogeorge Fine Foods Inc,10/27/04,1719,Penn Av,PA,15222,40.450211,-79.98572,9,Convenience Store
2.00108E+11,Produce Plus Market & Deli,Produce Plus Market & Deli Inc,8/17/01,471,Lincoln Ave,PA,15202,40.494989,-80.054846,9,Convenience Store
2.00607E+11,Quick Stop,Rayaraj Inc,7/17/06,3349,Liberty Ave,PA,15201,40.461868,-79.966514,9,Convenience Store
2.0111E+11,Quick Stop Sunoco,Sitaram Enterprises Inc,10/12/11,1640,Saw Mill Run Blvd,PA,15210,40.396477,-79.998692,9,Convenience Store
2.00112E+11,Quik Serv,Quik Serv LLC,11/16/01,400,Union Ave,PA,15202,40.50403,-80.061799,9,Convenience Store
2.00812E+11,R & M Variety Store,Laxmi Narayana Corp,12/8/08,1739,Pennsylvania Ave,PA,15122,40.361839,-79.861016,9,Convenience Store
2.01405E+11,Red Paprika Foods,,5/22/14,1900,Grandview Av,PA,15132,40.339959,-79.837052,9,Convenience Store
2.01501E+11,Reyes Tienda Mexicana,,1/5/15,413,Semple St,PA,15213,40.43699,-79.954397,9,Convenience Store
2.00001E+11,Rite Aid Pharmacies #10910,Rite Aid Corp,1/12/00,4927,Homeville Rd,PA,15122,40.38208,-79.876636,9,Convenience Store
2.01007E+11,Rocks Express,,7/16/10,700,Frederick St,PA,15136,40.471394,-80.064844,9,Convenience Store
2.01509E+11,Rockwell Market/Rockwell Hall @ Duquesne Univ.,Parkhurst Dining,8/26/15,600,Forbes Av,PA,15282,40.436981,-79.990244,9,Convenience Store
2.01512E+11,Rossi's Market,SJ Retail Services LLC,12/16/15,64,Forest Grove Rd,PA,15108,40.481197,-80.130734,9,Convenience Store
2.00108E+11,Ruthfred Market,MINPRO Inc,8/9/01,3400 Suite 4,South Park Rd,PA,15102,40.321783,-80.057607,9,Convenience Store
2.0141E+11,S & S Express Food Mart,S & S Express Food Mart Inc,10/15/14,922,Main St,PA,15215,40.494685,-79.932775,9,Convenience Store
2.01101E+11,Salem's Market,,12/16/10,2923,Penn Av,PA,15201,40.458405,-79.973699,9,Convenience Store
2.01411E+11,Samba Mini Mart,Nasser Inc,10/7/14,2520,Bedford Av,PA,15219,40.450651,-79.972121,9,Convenience Store
55829,Sam's Market,,9/23/96,1712,5th Ave,PA,15219,40.438268,-79.982097,9,Convenience Store
2.0041E+11,Seoul Mart,,10/12/04,4701,5th Ave,PA,15213,40.447245,-79.947201,9,Convenience Store
2.01405E+11,SG Management Services,SG Management,12/13/13,9411,University Blvd,PA,15108,40.501966,-80.221436,9,Convenience Store
59,Shadyside Market,,6/17/84,5414,Walnut St,PA,15232,40.450679,-79.934926,9,Convenience Store
38045,Sheetz #115,Sheetz Inc,6/29/84,8607,Perry Hwy,PA,15237,40.561828,-80.039532,9,Convenience Store
40721,Sheetz #130,Sheetz Inc,4/15/86,899,Freeport Rd,PA,15030,40.582036,-79.778802,9,Convenience Store
2.01209E+11,Sheetz #189,Sheetz Inc,8/24/12,1505,Pikettsburgh St,PA,15024,40.541803,-79.798793,9,Convenience Store
47903,Sheetz #190,Sheetz Inc,12/12/91,2003,Golden Mile Hwy,PA,15239,40.454908,-79.711646,9,Convenience Store
57467,Sheetz #253,Sheetz Inc,6/19/98,251,Curry Hollow Rd,PA,15236,40.336173,-79.970867,9,Convenience Store
2.00004E+11,Sheetz #277,Sheetz Inc,4/12/00,12000,Perry Hwy,PA,15090,40.634005,-80.059307,9,Convenience Store
2.00209E+11,Sheetz #327,Sheetz Inc,9/26/02,2100,Mosside Blvd,PA,15146,40.39754,-79.768583,9,Convenience Store
2.00401E+11,Sheetz #353,Sheetz Inc,12/11/03,5410,Campbells Run Rd,PA,15205,40.448,-80.157482,9,Convenience Store
2.00409E+11,Sheetz #360,Sheetz Inc,9/10/04,3954,Wm Penn Hwy,PA,15146,40.437687,-79.774258,9,Convenience Store
2.00606E+11,Sheetz #376,Sheetz Inc,6/8/06,1000,Clairton Blvd,PA,15236,40.320335,-79.942773,9,Convenience Store
2.00512E+11,Sheetz #379,Sheetz Inc,11/30/05,9002,University Blvd,PA,15108,40.503227,-80.222988,9,Convenience Store
2.01105E+11,Sheetz #459,Sheetz Inc,5/6/11,2175,Hulton Rd,PA,15147,40.526468,-79.817038,9,Convenience Store
2.01108E+11,Sheetz #468,Sheetz Inc,8/2/11,3457,Wm Penn Highway,PA,15235,40.43046,-79.811288,9,Convenience Store
2.01112E+11,Sheetz #476,Sheetz Inc,11/30/11,3025,Babcock Blvd,PA,15237,40.514787,-80.009388,9,Convenience Store
2.01305E+11,Sheetz #515,Sheetz Inc,5/17/13,4599,Library Rd,PA,15102,40.350845,-80.022411,9,Convenience Store
48607,Shenderovich In & Out Market,,7/15/92,1101,Powers Run Rd,PA,15238,40.510035,-79.855995,9,Convenience Store
56716,Shenot's Farm Market,,8/12/97,3754,Wexford Run Rd,PA,15090,40.625993,-80.079141,9,Convenience Store
2.00112E+11,Shop N Go One,Jas Web Inc,12/19/01,6001,Buttermilk Hollow Rd,PA,15207,40.362516,-79.907245,9,Convenience Store
2.01507E+11,Shuman's Market,Naela Shuman,6/24/15,7210,Frankstown Av,PA,15236,40.457053,-79.89605,9,Convenience Store
703,Sil's,LLC Irwin Lederstein,4/8/92,6000,Noblestown Rd,PA,15071,40.398362,-80.187505,9,Convenience Store
40540,Smithfield News,Weiss Enterprises,3/5/86,115,Smithfield St,PA,15222,40.43772,-80.000475,9,Convenience Store
40745,Soergel's Orchards,,4/28/86,2573,Brandt School Rd,PA,15090,40.61395,-80.092426,9,Convenience Store
2.01306E+11,Sophia's,Sophia's Resale Shop LLC,6/5/13,2918,Walnut St,PA,15132,40.331257,-79.845268,9,Convenience Store
2.0081E+11,Soup Du Jour,Von Genther Holdings Limited,10/14/08,2228,W Hardies Rd,PA,15044,40.594321,-79.969859,9,Convenience Store
2.00204E+11,South Fayette Sunoco,Mike & Rob Inc,4/15/02,140,Millers Run Rd,PA,15017,40.357055,-80.119649,9,Convenience Store
2.00601E+11,South Park Convenience Store,,1/19/06,5660,Brownsville Rd,PA,15236,40.330738,-79.987682,9,Convenience Store
2.01306E+11,Speedway #2900,Speedway LLC,6/19/13,4830,Wm Penn Highway,PA,15146,40.427386,-79.718529,9,Convenience Store
2.01306E+11,Speedway #2901,Speedway LLC,6/19/13,4380,Old Wm Penn Highway,PA,15146,40.443721,-79.767945,9,Convenience Store
2.0141E+11,Speedway #2902,Speedway LLC,10/14/14,4420,Browns Highwayll Rd,PA,15217,40.419217,-79.92745,9,Convenience Store
2.01409E+11,Speedway #2905,Speedway LLC,8/29/14,303,Hulton Rd,PA,15139,40.526263,-79.842197,9,Convenience Store
2.01501E+11,Speedway #2906,Speedway LLC,1/13/15,1700,Lincoln Highway,PA,15137,40.369983,-79.786291,9,Convenience Store
2.01501E+11,Speedway #2910,Speedway LLC,12/17/14,5701,Grand Av,PA,15225,40.511928,-80.131934,9,Convenience Store
2.01411E+11,Speedway #2911,Speedway LLC,11/26/14,1200,Long Run Rd,PA,15131,40.333078,-79.812564,9,Convenience Store
2.01312E+11,Speedway #6503,Speedway LLC,12/3/13,2325,5th Ave,PA,15132,40.353945,-79.837531,9,Convenience Store
2.01101E+11,Speedy Food Mart,Bellevue Tobacco & News LLC,12/15/10,1602,5th Av,PA,15108,40.513292,-80.153687,9,Convenience Store
2.01204E+11,St Clair Mini Mart,Krupa Gas Corporation,4/10/12,2520,WasHighwayngton Rd,PA,15241,40.318801,-80.088453,9,Convenience Store
2.00511E+11,Stetor's Red Hot Dollar,,11/8/05,706,Monongahela Ave,PA,15045,40.324036,-79.892756,9,Convenience Store
2.01405E+11,Stop - N - Go,Plaza Stop - N - Go Inc,5/9/14,21,Yost Blvd,PA,15221,40.414006,-79.847312,9,Convenience Store
2.01106E+11,Stop N Shop,Hari Krishnji Corp,6/1/11,2110,Ardmore Blvd,PA,15221,40.419144,-79.849932,9,Convenience Store
2.01508E+11,Sub Stop-Marathon,Fayad Enterprise Inc,8/20/15,2929,Saw Mill Run Blvd,PA,15227,40.377249,-79.98595,9,Convenience Store
2.01304E+11,Sultan Bey,Dollar Plus,4/23/13,4601,Centre Av,PA,15213,40.452112,-79.951943,9,Convenience Store
2.01409E+11,Sunoco,Kesari Petro Aspinwall,8/26/14,304,Freeport Rd,PA,15215,40.489247,-79.903111,9,Convenience Store
2.00102E+11,Sunoco #7144,Sunoco Inc R&M,2/15/01,195,N Craig St,PA,15213,40.449447,-79.950929,9,Convenience Store
1.99901E+11,Sunoco #7278,Sunoco Inc R&M,12/18/98,339,Cochran Rd,PA,15228,40.382679,-80.052638,9,Convenience Store
1.99901E+11,Sunoco #7279,Sunoco Inc R&M,1/12/99,3505,Library Rd,PA,15234,40.366409,-80.014537,9,Convenience Store
35682,Sunoco #7353,Sunoco Inc R&M,6/17/84,300,Grant Av,PA,15209,40.479566,-79.972147,9,Convenience Store
38467,Sunoco #7359,Sunoco Inc R&M,9/20/84,5600,Wm Flynn Hwy,PA,15044,40.636567,-79.942271,9,Convenience Store
40543,Sunoco #7374,Sunoco Inc R&M,2/24/86,4638,Clairton Blvd,PA,15236,40.355642,-79.980084,9,Convenience Store
53007,Sunoco #7375,Sunoco Inc R&M,12/8/94,310,Cedar Ave,PA,15212,40.45136,-80.000589,9,Convenience Store
46335,Sunoco #7414,Sunoco Inc R&M,2/5/92,4528,OHighwayo River Blvd,PA,15202,40.492161,-80.061419,9,Convenience Store
54363,Sunoco #7416,Sunoco Inc R&M,9/28/95,900,Butler St,PA,15223,40.511533,-79.946579,9,Convenience Store
40118,Sunoco #7501,Sunoco Inc R&M,10/24/85,521,Lincoln Hwy,PA,15112,40.384197,-79.823629,9,Convenience Store
53708,Sunoco #7508,Sunoco Inc R&M,6/22/95,1001,WasHighwayngton Pikeke,PA,15017,40.364368,-80.109853,9,Convenience Store
2.00206E+11,Sunoco / Banksville,SGII Pittsburgh,5/23/02,1721,Banksville Rd,PA,15216,40.408932,-80.031892,9,Convenience Store
53171,Sunoco / Brookline,,2/17/95,533,Brookline Blvd,PA,15226,40.395893,-80.022597,9,Convenience Store
1.99908E+11,Sunoco A Plus #7517,Sunoco Inc R&M,8/3/99,3299,Saw Mill Run Blvd,PA,15227,40.375975,-79.983538,9,Convenience Store
34670,Sunoco A Plus Mini Market,Arco Inc,6/17/84,3100,W Liberty Av,PA,15216,40.391603,-80.038999,9,Convenience Store
57717,Sunoco A Plus Mini Market,Triisha-Neel Inc,9/25/98,7701,Penn Ave,PA,15221,40.446748,-79.893321,9,Convenience Store
45763,Sunoco A Plus Mini Market,Vini Corp,4/26/90,104,Clairton Blvd,PA,15236,40.338699,-79.959854,9,Convenience Store
52337,Sunoco A Plus Mini Market,Sgii Group LLC,7/27/94,514,N Highwayghland Ave,PA,15206,40.466264,-79.922323,9,Convenience Store
2.00406E+11,Sunoco A Plus Mini Market #7372,Tnck Inc,6/9/04,7403,WasHighwayngton Ave,PA,15218,40.420313,-79.889086,9,Convenience Store
56386,Sunoco A Plus Mini Mart,Athwal Petroleum Inc,4/22/97,427,Brownsville Rd,PA,15210,40.412254,-79.989191,9,Convenience Store
2.00606E+11,Sunoco A Plus Mini Mart,MSPG Inc,5/26/06,1969,Lincoln Wa,PA,15131,40.339782,-79.810729,9,Convenience Store
2.00407E+11,Sunoco A Plus Mini Mart,S G II Centre Ave,6/25/04,2350,Centre Ave,PA,15213,40.445465,-79.972421,9,Convenience Store
2.00301E+11,Sunoco A Plus Mini Mart #6968,Sunoco Inc R&M,1/14/03,600,Rodi Rd,PA,15235,40.449297,-79.827395,9,Convenience Store
54740,Sunoco A-Plus Mini Market #7485,Sunoco Inc R&M,1/31/96,4779,Liberty Ave,PA,15224,40.46105,-79.947308,9,Convenience Store
2.01605E+11,Sunoco Choice Tobacco & Food Mart,Sanuf United Inc,5/3/16,1855,Haymaker Rd,PA,15146,40.39172,-79.765819,9,Convenience Store
2.00008E+11,Sunoco Mini Market,Tejas Oil & Gas Inc,7/4/00,9100,Perry Hwy,PA,15237,40.572347,-80.036602,9,Convenience Store
2.00506E+11,Sunoco Mini Mart,Nina's Mini Mart,6/2/05,6700,University Blvd,PA,15108,40.51784,-80.220393,9,Convenience Store
2.00604E+11,Sunoco Mini Mart,Athwal Petroleum Inc,4/14/06,1643,Arlington Ave,PA,15210,40.417998,-79.986695,9,Convenience Store
2.00703E+11,Sunoco Mini Mart #0364070303,Gautam Patel,3/21/07,127,Mcmurray Rd,PA,15241,40.326526,-80.065544,9,Convenience Store
2.00011E+11,Sunrise Sunoco A Plus,Omshiva Enterprises Inc,11/6/00,1329,Babcock Blvd,PA,15209,40.495733,-79.97691,9,Convenience Store
2.01201E+11,Super Mart,USMA United Enterprise Inc,1/11/12,1761,Pikene Hollow Rd,PA,15136,40.475685,-80.100421,9,Convenience Store
57499,Super One Convience Store,,7/9/98,2601,S Braddock Ave,PA,15218,40.415715,-79.876671,9,Convenience Store
53205,Super Stop,Super Stop Convenience Stores Corp,2/28/95,430,Kenmawr Ave,PA,15104,40.41182,-79.876268,9,Convenience Store
2.00902E+11,Taste Buds Convenience Store,Marks Inc,1/29/09,1,Virginia Ave,PA,15211,40.429072,-80.00699,9,Convenience Store
2.01105E+11,The Elliott's Town Market,Lathia Investments LLC,5/5/11,928,Chartiers Av,PA,15220,40.444006,-80.04029,9,Convenience Store
36378,TJ's Deli Mart #1,Kehm Oil Co,6/17/84,357,Lincoln Av,PA,15057,40.371517,-80.229326,9,Convenience Store
48301,Today's Market,,4/1/92,612,Allegheny River Blvd,PA,15139,40.51945,-79.842297,9,Convenience Store
2.00401E+11,Tokyo Japanese Food Store,Tsuda LTD,11/28/03,5855,Ellsworth Ave,PA,15232,40.457633,-79.929286,9,Convenience Store
2.00606E+11,Trail View,Shree Vinayak Inc,5/22/06,209,Industry Rd,PA,15018,40.272498,-79.797693,9,Convenience Store
2.01406E+11,Triangle Mart,,5/1/14,101,Amanda St,PA,15210,40.414525,-79.988346,9,Convenience Store
2.00505E+11,Uni-Mart,Jallad Inc,5/4/05,852,5th Av,PA,15108,40.518311,-80.167154,9,Convenience Store
2.00504E+11,Uni-Mart,Ying Mart Inc,4/5/05,1926,Brownsville Rd,PA,15210,40.395132,-79.987094,9,Convenience Store
2.00912E+11,Uni-Mart,Akshar Convenience Corp,11/30/09,298,Knoedler Rd,PA,15236,40.341799,-79.981533,9,Convenience Store
2.01002E+11,Uni-Mart,Hakazi Inc,2/1/10,101,Fern Hollow Rd,PA,15108,40.520986,-80.192876,9,Convenience Store
2.01307E+11,Uni-Mart,Snt United Inc,7/9/13,2321,Worton Blvd,PA,15122,40.360136,-79.87158,9,Convenience Store
2.01003E+11,Uni-Mart,Nilkanth Convenience Corp,3/17/10,1601,Lowrie St,PA,15212,40.462532,-79.982963,9,Convenience Store
2.01601E+11,Uni-Mart,Jay Shakit LLC,1/7/16,830,Allegheny River Blvd,PA,15139,40.524583,-79.840752,9,Convenience Store
2.00802E+11,Uni-Mart #94634,,2/11/08,748,Brownsville Rd,PA,15210,40.408719,-79.991558,9,Convenience Store
2.01007E+11,Up Town Minimart,Pashupati Nath LLC,7/23/10,1800,Forbes Av,PA,15219,40.437327,-79.981323,9,Convenience Store
2.01407E+11,Valero / Sitaram Oil Corporation,Shree Sitaram Enterprise Inc,7/18/14,2000,Braddock Av,PA,15218,40.422065,-79.88589,9,Convenience Store
2.00706E+11,Valero Gas / Bethel Park,Nihu Enterprise,6/4/07,3405,South Park Rd,PA,15102,40.321473,-80.057088,9,Convenience Store
2.01507E+11,Valero Provost,Siterom Enterprise Inc,7/21/15,244,Provost Rd,PA,15227,40.37529,-79.994278,9,Convenience Store
2.01001E+11,Verona Exxon,Allegheny River Corp,12/22/09,4901,Allegheny River Blvd,PA,15147,40.485246,-79.856075,9,Convenience Store
2.01504E+11,Verona Sunoco,Shree Ambika Inc,4/15/15,280,Hulton Rd,PA,15147,40.489132,-79.819982,9,Convenience Store
2.0001E+11,Vitamin Gallery,Allegheny 79ers Inc,10/20/00,880,Butler St,PA,15223,40.511559,-79.945112,9,Convenience Store
2.00101E+11,W B Convenience,Winters Business Corp,12/4/00,801,W Main St,PA,15106,40.401268,-80.095411,9,Convenience Store
41112,Wagner's Market,Wagner's Market Inc,7/9/86,4978,Middle Rd,PA,15044,40.605057,-79.926116,9,Convenience Store
2.00707E+11,Walgreens #09043,Walgreen Eastern Co Inc,6/19/07,1701,Wm Flynn Hwy,PA,15116,40.538724,-79.963405,9,Convenience Store
2.00605E+11,Walgreens #09281,Walgreen Eastern Co Inc,5/3/06,5956,Centre Av,PA,15206,40.459326,-79.926757,9,Convenience Store
2.00708E+11,Walgreens #10282,Walgreen Eastern Co Inc,8/13/07,30,Pikene Creek Rd,PA,15090,40.58623,-80.043109,9,Convenience Store
2.00807E+11,Walgreens #10917,Walgreen Eastern Co Inc,7/18/08,6906,University Blvd,PA,15108,40.517729,-80.221197,9,Convenience Store
2.0051E+11,Walgreens #9345,Walgreen Eastern Co Inc,10/25/05,10707,Frankstown Rd,PA,15235,40.461125,-79.841874,9,Convenience Store
2.00611E+11,Walgreens #9803,Walgreen Eastern Co Inc,11/17/06,324,Hulton Rd,PA,15139,40.525375,-79.841699,9,Convenience Store
56195,Welmart,Storage Centers Inc,1/31/97,200,Alter Rd,PA,15065,40.667086,-79.712426,9,Convenience Store
2.01311E+11,West Liberty BP,,1/28/13,1829,Liberty Ave,PA,15226,40.405626,-80.018414,9,Convenience Store
2.01107E+11,West View Shell,S Corp,7/18/11,411,Perry Highway,PA,15229,40.4167,-77.197887,9,Convenience Store
2.01403E+11,West View Sunoco,Kesari Petro Inc,3/12/14,100,Rochester Rd,PA,15229,40.520554,-80.025232,9,Convenience Store
2.01406E+11,Wm Penn Hwy Sunoco,R & D Ventures Inc,6/18/14,3406,Wm Penn Hwy,PA,15235,40.430551,-79.81547,9,Convenience Store
2.0041E+11,WN Grocery,,10/8/04,1018,W North Ave,PA,15233,40.453283,-80.020292,9,Convenience Store
2.01407E+11,Zoscak's Food Market,Harneet Singh Enterprise Inc,7/22/14,319,Ann St,PA,15132,40.350695,-79.874877,9,Convenience Store
45034,Zozos Marathon,Zozos Enterprises Inc,8/16/89,8716,Peebles Rd,PA,15237,40.567233,-80.007372,9,Convenience Store
2.00704E+11,GetGo #3137,Giant Eagle Inc,4/26/07,,8-A Quaker Village ShopPikeng Center,PA,15056,,,,Convenience Store
Client ID,Aldi #92,Aldi Inc,8/18/15,5239,Brownsville Rd,PA,15236,40.342387,-79.984112,9,Supermarket
2.01508E+11,Aldi,Aldi Inc,9/22/15,7350,Saltsburg Rd,PA,15235,40.477243,-79.785988,9,Supermarket
2.01509E+11,Aldi #56,Aldi Inc,7/17/06,2348,Ardmore Blvd,PA,15221,40.415887,-79.848706,9,Supermarket
2.00607E+11,Aldi #68,Aldi Inc,7/16/10,4578,Wm Flynn Hi,PA,15101,40.571191,-79.952845,3,Supermarket
2.01007E+11,Aldi #72,Aldi Inc,11/18/10,3089,Sussex Av,PA,15226,40.383771,-80.014178,9,Supermarket
2.01011E+11,Aldi #81,Aldi Inc,1/13/15,3013,Washington Pi,PA,15017,40.173242,-80.24199,9,Supermarket
2.01501E+11,Aldi #89,Aldi Inc,9/15/15,300,Eden Park Bo,PA,15132,40.34505,-79.84648,3,Supermarket
2.01509E+11,Aldi #93,Aldi Inc,7/29/15,7221,Mcknight Rd,PA,15237,40.536931,-80.013056,9,Supermarket
2.01507E+11,Aldi Store #97,Aldi Inc,10/21/15,127,7th Av,PA,15120,40.407339,-79.912407,9,Supermarket
2.01511E+11,Aldi #96,Aldi Inc Saxonburgh Div,8/19/15,1160,Washington Av,PA,15106,40.397454,-80.085297,9,Supermarket
2.01508E+11,Shop 'n Save #1076 Mt. Washington,"B C Hanna Foods, Inc",5/13/84,125,Virginia Av,PA,15211,40.429437,-80.008009,9,Supermarket
37868,Giant Eagle #605 Elizabeth Township,BLB Food Inc,9/16/88,800,Mckeesport Rd,PA,15037,40.27992,-79.875571,9,Supermarket
44034,Giant Eagle #652,Brickers LLC,8/29/08,318,Cedar Ave,PA,15212,40.451602,-79.999575,9,Supermarket
2.00809E+11,Shop 'n Save #0212100,CCM Foods LLC,9/7/02,4548,Broadway Bo,PA,15146,22.335921,114.139154,5,Supermarket
2.00209E+11,Costco #332,Costco Wholesale Corp,7/1/02,202,Costco Dr,PA,15205,40.458793,-80.16586,9,Supermarket
2.00207E+11,Costco #649,Costco Wholesale Corp,3/2/07,501,W Waterfront Dr,PA,15120,40.402736,-79.921653,9,Supermarket
2.00703E+11,Save A Lot / North Versailles,Deb Joe LLC,2/20/07,355,Lincoln Hwy,PA,15137,40.382204,-79.819697,9,Supermarket
2.00702E+11,Whitehall Asian Supermarket,Dhari Lal Dhital,4/20/12,1406,Radford Rd,PA,15227,40.363877,-79.967841,8,Supermarket
2.01204E+11,Donatelli's Italian Food Center,Donatelli's Italian Food Center Inc,7/29/88,4711,Liberty Ave,PA,15224,40.46207,-79.949355,9,Supermarket
43796,Shop 'n Save,DTJ Foods,7/27/99,450,56th St,PA,15201,40.483141,-79.948537,9,Supermarket
1.99908E+11,East End Food Co-Op,East End Food Co-Op Inc,5/8/86,7516,Meade St,PA,15208,40.448199,-79.895475,9,Supermarket
40781,Kuhn's Market #7,Franklin Square L LP,11/25/97,825,Beaver Grade Rd,PA,15108,40.517576,-80.216199,9,Supermarket
56970,Kuhn's Market,Franklin Square LLP,3/3/06,4801,Mcknight Rd,PA,15237,40.522828,-80.006531,9,Supermarket
2.00603E+11,Kuhn's Market,Franklin Square LLP,10/26/05,745,Ingomar Rd,PA,15127,40.593769,-80.006113,8,Supermarket
2.00511E+11,Kuhn's Market,Franklin Square LLP,7/30/08,700,Beulah Rd,PA,15145,40.427119,-79.834796,9,Supermarket
2.00808E+11,Family Food Center,GHI Mi Rey Khada,5/4/15,2104,Brownsville Rd,PA,15210,40.39314,-79.986896,9,Supermarket
2.01505E+11,Giant Eagle #6379,Giant Eagle Corp,2/3/00,420,E Waterfront Dr,PA,15120,40.412485,-79.910258,8,Supermarket
2.00002E+11,Giant Eagle #0004,Giant Eagle Inc,6/17/84,5055,Library Rd,PA,15102,40.33883,-80.024575,9,Supermarket
2154,Giant Eagle #0015,Giant Eagle Inc,11/3/13,1701,Lincoln Hi,PA,15137,40.371962,-79.786944,3,Supermarket
2.01311E+11,Giant Eagle #0052,Giant Eagle Inc,11/3/98,132,Ben Avon Heights Rd,PA,15237,40.521533,-80.069181,9,Supermarket
57792,Giant Eagle #0073,Giant Eagle Inc,3/4/97,9901,Mountain View Dr,PA,15122,40.33967,-79.949746,9,Supermarket
56268,Giant Eagle #068,Giant Eagle Inc,6/19/11,5990,University Bo,PA,15108,40.491695,-80.198665,3,Supermarket
2.01106E+11,Giant Eagle #17,Giant Eagle Inc,6/17/84,6320,Shakespeare St,PA,15206,40.460094,-79.923852,5,Supermarket
1878,Giant Eagle #2,Giant Eagle Inc,3/2/95,1800,Mckees Rocks Rd,PA,15136,40.467816,-80.097642,9,Supermarket
53202,Giant Eagle #24,Giant Eagle Inc,7/24/14,3239,Washington Pi,PA,15017,40.173242,-80.24199,9,Supermarket
2.01407E+11,Giant Eagle #25,Giant Eagle Inc,6/17/84,1029,West View Park Dr,PA,15229,40.516789,-80.038918,9,Supermarket
34317,Giant Eagle #29,Giant Eagle Inc,2/4/14,1356,Hoffman Bo,PA,15122,40.350968,-79.913673,3,Supermarket
2.01402E+11,Giant Eagle #31,Giant Eagle Inc,1/1/80,5260,Grove Road,PA,15236,40.357456,-80.002268,9,Supermarket
33543,Giant Eagle #35,Giant Eagle Inc,2/25/85,1717,Cochran Rd,PA,15220,40.392634,-80.065436,9,Supermarket
39025,Giant Eagle #37,Giant Eagle Inc,6/17/84,,Quaker Village Shopping Center,PA,15056,40.561532,-80.205346,5,Supermarket
2811,Giant Eagle #38,Giant Eagle Inc,3/1/62,1901,Murray Av,PA,15217,40.435676,-79.92248,9,Supermarket
1880,Giant Eagle #45,Giant Eagle Inc,6/17/84,9805,Mcknight Rd,PA,15237,40.584311,-80.038848,9,Supermarket
2051,Giant Eagle #47 / Market District Robinson,Giant Eagle Inc,10/27/09,100,Settlers Ridge Center Dr,PA,15205,40.440641,-80.149132,5,Supermarket
2.0091E+11,Giant Eagle #60,Giant Eagle Inc,12/4/98,4010,Monroeville Bo,PA,15146,40.432471,-79.751203,3,Supermarket
57877,Giant Eagle #61,Giant Eagle Inc,6/10/91,2021,Wharton St,PA,15203,40.431009,-79.976705,9,Supermarket
38879,Giant Eagle #63,Giant Eagle Inc,1/1/84,4250,Murray Ave,PA,15217,40.422266,-79.929584,9,Supermarket
1881,Giant Eagle #64,Giant Eagle Inc,6/17/84,3812,O'Neil Blvd,PA,15132,40.347243,-79.83109,9,Supermarket
2370,Giant Eagle #65,Giant Eagle Inc,6/17/84,4110,Brighton Rd,PA,15212,40.489185,-80.044203,9,Supermarket
2050,Giant Eagle #67,Giant Eagle Inc,6/22/87,8080,Mcknight Rd,PA,15237,40.557915,-80.023156,8,Supermarket
42412,Giant Eagle #74,Giant Eagle Inc,6/17/84,1165,Mckinney Lane #100,PA,15220,40.211943,-76.769826,8,Supermarket
35578,Giant Eagle #76,Giant Eagle Inc,1/2/79,4680,Old Wm Penn Hwy,PA,15146,40.438817,-79.741022,9,Supermarket
2901,Giant Eagle #77,Giant Eagle Inc,12/1/78,254,Yost Bo,PA,15221,40.436883,-79.857683,3,Supermarket
30226,Giant Eagle #78,Giant Eagle Inc,4/3/89,230,Rodi Rd,PA,15235,40.462359,-79.826919,9,Supermarket
2848,Giant Eagle / Market District Pine #43,Giant Eagle Inc,1/30/09,155,Towne Center Dr,PA,15090,40.632132,-80.054286,9,Supermarket
2.00902E+11,Giant Eagle / Market District Shadyside #40,Giant Eagle Inc,11/29/99,5550,Centre Ave,PA,15232,40.456537,-79.934434,9,Supermarket
1.99912E+11,Giant Eagle / Market District South Hills #14,Giant Eagle Inc,7/8/88,7000,Oxford Dr,PA,15102,40.347078,-80.046641,9,Supermarket
43711,Giant Eagle / Market District Waterworks #72,Giant Eagle Inc,9/24/87,910,Freeport Rd,PA,15238,40.488233,-79.893913,9,Supermarket
42973,Giant Eagle Express #5103,Giant Eagle Inc,5/2/07,2611,Freeport Rd,PA,15238,40.537858,-79.838724,9,Supermarket
2.00705E+11,Giant Eagle #18,Giant Eagle Makets Inc,1/13/11,1671,Butler Plank Rd,PA,15116,40.537733,-79.965145,9,Supermarket
2.01012E+11,Shop 'n Save / Gibsonia,GLS Supermarkets LLC,7/19/06,5375,Wm Flynn Hi,PA,15044,40.631549,-79.952845,3,Supermarket
2.00607E+11,GFS Marketplace,Gordon Food Service Inc,11/17/06,510,Clairton Blvd,PA,15236,40.333786,-79.947122,9,Supermarket
2.00611E+11,Gordon Food Service,Gordon Food Service Inc,11/15/06,3620,Wm Penn Hwy,PA,15146,40.431969,-79.800107,9,Supermarket
2.00611E+11,Shop 'n Save Penn Hills,Hartley Foods Holding Inc,5/31/91,2820,Universal Rd,PA,15235,40.475924,-79.78621,8,Supermarket
47108,Shop 'n Save,Hartley Holding Inc,12/2/99,2362,Golden Mile Hi,PA,15239,40.471465,-79.986641,8,Supermarket
1.99912E+11,Giant Eagle #697,Hickman Foods LLC,5/8/02,9001,Frankstown Rd,PA,15235,40.462692,-79.865275,9,Supermarket
2.00205E+11,Duquesne Save A Lot,Horizon Management Inc,2/17/11,9,Duquesne Pz,PA,15110,40.374756,-79.846986,9,Supermarket
2.01102E+11,Shop 'n Save,J & D Supermarkets LLC,2/22/06,799,Castle Shannon Bo,PA,15234,40.36758,-80.017161,3,Supermarket
2.00603E+11,Food Shoppe,J & J Gourmet LLC,5/5/83,5878,Northumberland St,PA,15217,40.441526,-79.920551,9,Supermarket
36498,Giant Eagle,Marckisotto Markets Inc,2/27/91,1705,S Braddock Ave,PA,15218,40.425705,-79.886584,9,Supermarket
46832,Shop 'n Save - Pines Plaza,Mihelic Foods Inc,10/19/88,1130,Perry Hi,PA,15237,40.401873,-77.019558,8,Supermarket
44108,Shop 'n Save / Glenshaw #212403,MJS Foods LLC,11/29/06,917,Butler St,PA,15116,40.51331,-79.950785,5,Supermarket
2.00612E+11,Shop 'n Save / Rochester,MJS Foods LLC,9/26/05,184,Rochester Rd,PA,15229,40.519816,-80.018098,9,Supermarket
2.0051E+11,Shop 'n Save / Shaler,North Allegheny Foods Inc,6/17/84,1620,Babcock Bo,PA,15209,40.497124,-79.969628,3,Supermarket
32725,Shop 'n Save / Century Square,Noss Enterprises,7/18/06,2381,Mountain View Dr,PA,15122,40.344781,-79.946778,9,Supermarket
2.00608E+11,Shop 'n Save / Noblestown #2412,Nossokoff Enterprise,3/10/06,2103,Noblestown Rd,PA,15205,40.430663,-80.051961,9,Supermarket
2.00603E+11,Shop 'n Save - Ross's Village,Olympia Park Plaza Shop N Save LLC,12/19/13,1886,Homeville Rd,PA,15122,40.373678,-79.873734,5,Supermarket
2.01312E+11,Kuhn's Market,Quality Foods Corp,6/1/82,1130,Highwood St,PA,15212,40.468566,-80.02666,9,Supermarket
35347,Kuhn's Market,Quality Foods Corp,6/17/84,661,Lincoln Ave,PA,15202,40.497135,-80.060313,9,Supermarket
36519,Kuhn's Market #4,Quality Foods Corp,10/5/84,3125,Banksville Rd,PA,15216,40.399677,-80.043413,9,Supermarket
38483,Kuhn's Market,Quality Foods Corporation,12/2/15,2412,Ferguson Rd,PA,15101,40.554967,-79.972178,9,Supermarket
2.01512E+11,Shop 'n Save,Rajel's Foods LLC,8/11/14,5001,Library Rd,PA,15102,40.341084,-80.024743,9,Supermarket
2.01408E+11,Shop 'n Save - Wilkins Twp,Rojels Foods LLC,8/17/14,3335,Wm Penn Hi,PA,15235,40.43292,-79.817603,9,Supermarket
2.01408E+11,Shop 'n Save #0212404 Imperial,Rojels Foods LLC,2/21/06,600,Market Place Dr,PA,15071,40.440192,-80.241214,9,Supermarket
2.00602E+11,Giant Eagle #646,Romark Foods Inc,8/1/96,51,Walsh Rd,PA,15205,40.440451,-80.072306,9,Supermarket
55556,Shop 'n Save - Hill District,Ross's Market LLC,10/17/13,1850,Centre Av,PA,15219,40.442146,-79.981719,9,Supermarket
2.0131E+11,Sam's Club #4952,Sam's East Inc,1/25/06,2000,Village Center Dr,PA,15084,40.565722,-79.803982,9,Supermarket
2.00601E+11,Sam's Club #6575,Sam's East Inc,10/7/96,249,Summit Park Dr,PA,15275,40.449585,-80.177954,9,Supermarket
55897,Sam's Club #6677,Sam's East Inc,2/7/94,3621,Wm Penn Hwy,PA,15146,40.436431,-79.799629,9,Supermarket
51243,Sam's Club #6678,Sam's East Inc,5/25/06,289,Mt Nebo Pointe Dr,PA,15237,40.534232,-80.067889,9,Supermarket
2.00606E+11,Sam's Club #6679,Sam's East Inc,7/29/04,2251,Century Dr,PA,15122,40.343793,-79.949018,9,Supermarket
2.00408E+11,Save A Lot,Scozio Foods LLC,12/10/98,4313,Walnut St,PA,15132,40.321825,-79.834567,9,Supermarket
57873,Giant Eagle Store #600,Scozio Supermarkets Inc,5/19/94,2001,Lincoln Wa,PA,15131,40.337364,-79.805396,9,Supermarket
51792,Giant Eagle #641,Seven-Z Ent Inc,11/1/86,1025,Washington Pike,PA,15017,40.367163,-80.110119,9,Supermarket
42635,Wilkinsburg Save A Lot,Shay & Tay Inc,2/21/07,725,Ross St,PA,15221,40.442803,-79.884174,9,Supermarket
2.00702E+11,Shop 'n Save / Brownsville Road,Shop N Save,6/18/84,1119,Brownsville Rd,PA,15210,40.404781,-79.990531,8,Supermarket
38008,Shop 'n Save,Shop N' Save,9/13/06,4313,Walnut St,PA,15132,40.321825,-79.834567,9,Supermarket
2.00609E+11,Shop 'n Save / Heidelberg,Sorbara & Son LP,8/28/06,2100,Washington Pi,PA,15106,40.173242,-80.24199,9,Supermarket
2.00608E+11,Giant Eagle #1691,Super 8 Corp,10/7/92,400,Northtowne Sq,PA,15044,40.636471,-79.941762,9,Supermarket
49211,Shop 'n Save,Super Dollar #62205,1/1/70,4647,Buttermilk Hollow Rd,PA,15122,40.361016,-79.906553,9,Supermarket
35607,Target #2757,Target,8/24/11,6231,Penn Av,PA,15206,40.460909,-79.921909,9,Supermarket
2.01106E+11,Target #2787,Target Stores,2/7/13,201,South Hills Village,PA,15241,40.340135,-80.054802,8,Supermarket
2.01302E+11,Shop 'n Save / Russellton,Thomas Beter Inc,1/1/80,908,Little Deer Creek Valley Rd,PA,15076,40.60823,-79.833146,9,Supermarket
25315,Trader Joe's #624,Trader Joe's,3/13/15,9020,Covenant Av,PA,15237,40.570437,-80.022243,9,Supermarket
2.01503E+11,Trader Joe's #638,Trader Joe's Co,10/16/06,6343,Penn Ave,PA,15206,40.459303,-79.919178,9,Supermarket
2.0061E+11,Trader Joe's #630,Trader Joe's East Inc,10/14/11,1630,Washington Rd. Ste 1,PA,15228,40.351139,-80.051011,9,Supermarket
2.0111E+11,Giant Eagle #695,Verona Foods Inc,8/29/91,200,Allegheny River Bo,PA,15147,40.498933,-79.818468,3,Supermarket
47614,Wal-Mart Super Center #2281,Wal-Mart Stores Inc,8/7/03,2351,Century Dr,PA,15122,40.341762,-79.946461,9,Supermarket
2.00308E+11,Wal-Mart Super Center #2300,Wal-Mart Stores Inc,10/24/96,250,Summit Park Dr,PA,15275,40.447712,-80.176111,9,Supermarket
55920,Wal-Mart Super Center #2588,Wal-Mart Stores Inc,1/25/99,100,Wal-Mart Dr,PA,15137,40.38722,-79.8247,9,Supermarket
1.99901E+11,Wal-Mart Super Center #3738,Wal-Mart Stores Inc,2/21/08,4015,Freeport Rd,PA,15065,40.646955,-79.713092,9,Supermarket
2.00802E+11,Wal-Mart Super Center #3838,Wal-Mart Stores Inc,1/19/06,2010,Village Center Dr,PA,15084,40.564069,-79.804052,9,Supermarket
2.00601E+11,Whole Foods Market #53,Whole Foods Market Group Inc,9/27/02,5880,Centre Ave,PA,15206,40.45852,-79.928707,9,Supermarket
2.0021E+11,Whole Foods Wexford #10377,Whole Foods Market Inc,3/28/12,10576,Perry Hi,PA,15090,40.39721,-77.025796,5,Supermarket
2.01203E+11,Giant Eagle Market #616,,11/4/03,600,Brentwood Towne Sq,PA,15227,40.366498,-79.9829,9,Supermarket
2.00311E+11,Save A Lot Crafton,,6/1/04,,Crafton Ingram Shopping Center @ Foster Ave,PA,15205,40.44177,-80.087015,3,Supermarket
2.00406E+11,Shop 'n Save McKeesport,,6/30/97,815,5th Ave,PA,15132,40.352,-79.856045,9,Supermarket
56556,The Uncommon Market,C P Food Store Inc,11/21/91,1798,Highland Rd,PA,15241,40.348876,-80.052248,9,Supermarket
47923,Market Outlet,Great Buys Inc,12/30/10,1700,Penn Av,PA,15222,40.4497,-79.985758,9,Supermarket
2.01101E+11,Karibu International Market LLC,Karibu Internation Market LLC,10/28/14,2740,Saw Mill Run Bo,PA,15227,40.378296,-79.991494,9,Supermarket
2.0141E+11,South Hills IGA,Kutscher Inc,12/1/06,649,Old Clairton Rd,PA,15236,40.324262,-79.956892,9,Supermarket
2.00612E+11,Leonard Labriola's Italian Market,Labriola Italian Stores Inc,7/23/04,4039,Monroeville Blvd,PA,15146,40.43557,-79.768914,9,Supermarket
2.00407E+11,Lamperts Deli Express,Lamperts Food Market Inc,11/21/12,2010,Eden Park Bo,PA,15132,40.34505,-79.84648,3,Supermarket
2.01211E+11,Las Palmas,"Las Palmas, LLC",12/8/09,700,Brookline Blvd,PA,15226,40.394595,-80.021685,9,Supermarket
2.00912E+11,Leonard Labriola's Italian Store,Leonard Labriola's Italian Stores LLC,8/26/10,112,Northgate Dr,PA,15086,40.650509,-80.078238,9,Supermarket
2.01009E+11,Shursave,Lix Superpark Inc #3,6/1/84,4401,Liberty Av,PA,15224,40.463648,-79.952803,8,Supermarket
38101,Groceria Italiano,Madonna Teresa Corp,8/21/98,237,Cedarville St,PA,15224,40.46186,-79.948546,9,Supermarket
57626,Market on Broadway IGA / Las Palmas,"Market on Broadway IGA / Las Palmas, Inc",7/15/13,1616,Broadway Ave,PA,15216,40.410007,-80.024988,9,Supermarket
2.01312E+11,Market on Forbes IGA,Market on Forbes Inc,8/11/08,3609,Forbes Ave / 2nd Fl,PA,15213,40.440974,-79.958169,9,Supermarket
2.00808E+11,McGinnis Sisters Market,McGinnis Food Ctr Inc,9/21/95,4311,Northern Pike,PA,15146,40.435043,-79.753389,9,Supermarket
54350,McGinnis Sisters Market,McGinnis Food Ctr Inc,2/29/96,3825,Saw Mill Run Blvd,PA,15227,40.369718,-79.98215,9,Supermarket
54797,Murray Avenue Kosher,Murray Avenue Kosher Inc,12/11/96,1916,Murray Ave,PA,15217,40.435463,-79.923124,9,Supermarket
56065,Oriental Market,Oriental Market LLC,1/19/11,4768,Mcknight Rd,PA,15237,40.519802,-80.004493,9,Supermarket
2.01101E+11,Pakeeza,Pakeeza Inc,2/27/13,4411,Old Wm Penn Hi,PA,15146,40.445986,-79.764292,9,Supermarket
2.01303E+11,Robert Wholey Co,Robert Wholey Co Inc,12/16/92,1711,Penn Av,PA,15222,40.450111,-79.985875,9,Supermarket
1795,T-Bones,T-Bones Inc,5/4/85,100,Vip Dr / Suite #101,PA,15090,40.616651,-80.09284,9,Supermarket
39139,The Fresh Market,The Fresh Market Inc.,7/3/13,1551,Washington Rd,PA,15228,40.355489,-80.050351,8,Supermarket
2.01306E+11,Two Louie's Market,Two Louie's Market Inc,4/21/08,1233,Penn Av,PA,15222,40.446442,-79.991746,9,Supermarket
2.00804E+11,WFH / Wing Fat Hong Oriental Food Market,WFH Market LLC,11/20/14,2306,Penn Av,PA,15222,40.452797,-79.981077,9,Supermarket
2.01411E+11,Bombay Market,,1/5/15,4605,Centre Av,PA,15213,40.452129,-79.951792,9,Supermarket
2.01501E+11,Brownsville Food & Drinks,,6/19/15,1810,Brownsville Rd,PA,15210,40.396851,-79.988112,9,Supermarket
2.01506E+11,Community Super Market,,1/1/70,1117,Milltown Rd,PA,15147,40.498635,-79.790045,8,Supermarket
262,Coraopolis Cash Market,,10/1/52,1017,4th Ave,PA,15108,40.518306,-80.162798,9,Supermarket
34765,Gorkhali Store,,5/19/14,2116,Brownsville Rd,PA,15210,40.392709,-79.987056,9,Supermarket
2.01406E+11,Patsy's Market,,8/16/00,483,Center Av,PA,15147,40.50669,-79.839699,9,Supermarket
2.00008E+11,Safrans Market,,6/17/84,429,Walnut St,PA,15143,40.541022,-80.182322,9,Supermarket
30265,Subha Laxmi Grocery,,5/21/14,2950,Brownsville Rd,PA,15227,40.381398,-79.976585,9,Supermarket
2.01406E+11,Community Market,,11/7/02,1710,Pacific Av,PA,15065,40.623319,-79.723879,8,Supermarket
2.00211E+11,GFS Marketplace,,10/14/07,1,Urbano Wa,PA,15205,40.44177,-80.087015,3,Supermarket
2.0071E+11,Leonard Labriola Foods,,4/1/69,121,Hulton Rd,PA,15147,40.484477,-79.81999,9,Supermarket
253,Aldi #69,Aldi Inc,11/5/07,8000,Mcknight Rd,PA,15237,40.551152,-80.021213,9,Supermarket
2.00711E+11,Aldi #77,Aldi Inc,10/6/11,11800,Perry Hi,PA,15090,40.39721,-77.025796,5,Supermarket
2.0111E+11,Aldi #79,Aldi Inc,10/23/12,2628,Carson St,PA,15203,40.426914,-79.96753,9,Supermarket
2.0121E+11,Aldi #80,Aldi Inc,5/8/13,5631,Baum Blvd,PA,15213,40.458291,-79.935066,9,Supermarket
2.01304E+11,Wal-Mart #2603,Wal-Mart Stores Inc,1/14/00,300,Wal-Mart Dr,PA,15044,40.623006,-79.946578,9,Supermarket
2.00001E+11,Wal-Mart #5040,Wal-Mart Stores Inc,2/19/08,2200,Washington Pi,PA,15106,40.173242,-80.24199,9,Supermarket
2.00802E+11,Wal-Mart #5339,Wal-Mart Stores Inc,10/20/03,877,Freeport Rd,PA,15238,40.488181,-79.888875,9,Supermarket
2.0031E+11,,,,,,,,,,,